1,-11.343999862670898,20.398000717163086,10.958333969116211
2,-10.365333557128906,18.720001220703125,13.72599983215332
3,-11.75666618347168,19.389667510986328,16.756999969482422
4,-10.82800006866455,17.53499984741211,19.568334579467773
5,-11.194000244140625,17.177000045776367,22.680999755859375
6,-11.60633373260498,16.406999588012695,26.02633285522461
7,-10.900333404541016,18.112998962402344,29.215999603271484
8,-11.965332984924316,17.444000244140625,32.32666778564453
9,-11.925333023071289,18.35533332824707,35.45333480834961
10,-12.50766658782959,18.74066734313965,38.90133285522461
11,-12.023666381835938,18.22366714477539,41.97800064086914
12,-12.399666786193848,17.772666931152344,45.233665466308594
13,-12.86199951171875,17.881999969482422,48.349666595458984
14,-11.817333221435547,17.487333297729492,51.70899963378906
15,-12.164999961853027,16.604999542236328,54.96666717529297
16,-12.828666687011719,17.748666763305664,57.45433044433594
17,-12.491666793823242,17.77899932861328,61.07633590698242
18,-12.078666687011719,16.930665969848633,63.82866668701172
19,-11.455333709716797,15.6336669921875,66.25033569335938
20,-11.347000122070313,14.785333633422852,68.76966857910156
21,-10.90133285522461,14.716333389282227,72.15633392333984
22,-10.874000549316406,13.85866641998291,74.69833374023438
23,-10.300000190734863,13.429666519165039,77.53133392333984
24,-9.739999771118164,13.87166690826416,80.88800048828125
25,-8.079333305358887,12.256999969482422,83.4576644897461
26,-7.3426666259765625,10.332666397094727,85.32600402832031
27,-7.1613335609436035,9.562333106994629,87.83433532714844
28,-6.234333515167236,9.817333221435547,91.3949966430664
29,-5.236666679382324,9.124000549316406,93.58200073242188
30,-5.12933349609375,10.420332908630371,96.9260025024414
31,-5.007999897003174,10.642666816711426,99.81900024414063
32,-4.197999954223633,10.61199951171875,102.28300476074219
33,-4.99666690826416,10.050666809082031,105.61799621582031
34,-5.354666709899902,10.903666496276855,108.82733154296875
35,-5.300333499908447,11.456666946411133,111.45066833496094
36,-6.125333309173584,10.098333358764648,114.47833251953125
37,-6.614333629608154,9.061332702636719,117.26699829101563
38,-6.229333400726318,8.585333824157715,120.263671875
39,-5.76633358001709,8.374333381652832,123.12300109863281
40,-4.65500020980835,7.208000183105469,126.09600067138672
41,-4.720666408538818,6.869333267211914,128.6026611328125
42,-4.224666595458984,6.545333385467529,131.72999572753906
43,-3.5916666984558105,5.381333351135254,134.8646697998047
44,-3.0383334159851074,4.946666717529297,137.30667114257813
45,-2.6570000648498535,4.893333435058594,140.6096649169922
46,-2.0153331756591797,4.386666774749756,143.55532836914063
47,-1.4490000009536743,4.200666904449463,145.51300048828125
48,-2.2843332290649414,4.446666717529297,148.9636688232422
49,-1.9236665964126587,4.594666957855225,151.98533630371094
50,-1.1493333578109741,4.559666633605957,154.71766662597656
51,-0.9156666398048401,3.623666763305664,157.8993377685547
52,-2.191999912261963,5.058000087738037,160.88499450683594
53,-1.4166666269302368,5.343999862670898,163.58299255371094
54,-1.7020000219345093,4.917999744415283,166.8766632080078
55,-2.679666519165039,5.223666667938232,170.18833923339844
56,-2.746666669845581,5.915333271026611,172.6836700439453
57,-3.312000036239624,5.696666717529297,176.19667053222656
58,-4.424666404724121,5.1616668701171875,178.65733337402344
59,-5.045666694641113,5.077666759490967,181.2913360595703
60,-4.704333305358887,5.393333435058594,184.388671875
61,-5.914999961853027,4.36466646194458,187.48399353027344
62,-7.204999923706055,5.558333396911621,190.02999877929688
63,-6.613666534423828,5.164999961853027,193.5206756591797
64,-5.424000263214111,4.775000095367432,196.44467163085938
65,-5.247666835784912,4.151666641235352,198.3453369140625
66,-5.000666618347168,3.7863333225250244,201.88966369628906
67,-3.9123334884643555,4.035666465759277,204.74867248535156
68,-2.934333324432373,3.499999761581421,206.9969940185547
69,-2.559999942779541,3.7356667518615723,210.66200256347656
70,-2.7133333683013916,4.200333595275879,213.54833984375
71,-2.879666805267334,4.409999847412109,216.76300048828125
72,-3.7680001258850098,3.760999917984009,219.7863311767578
73,-3.8513331413269043,5.068666458129883,222.56500244140625
74,-3.573333501815796,5.206666469573975,225.0570068359375
75,-4.125666618347168,4.2783331871032715,228.05332946777344
76,-5.099666595458984,4.2133331298828125,231.18634033203125
77,-5.4670000076293945,3.5436666011810303,233.4250030517578
78,-4.97599983215332,3.2109999656677246,236.72366333007813
79,-4.969333171844482,2.7820000648498535,239.8993377685547
80,-4.612666606903076,1.4229999780654907,242.40333557128906
81,-3.863333225250244,0.8576667904853821,244.84866333007813
82,-2.860666513442993,-0.5896666049957275,247.5276641845703
83,-2.8413333892822266,-1.7166666984558105,249.9409942626953
84,-2.0,-2.006999969482422,253.489990234375
85,-0.6183333396911621,-3.110333204269409,256.21099853515625
86,-1.1180000305175781,-3.810999870300293,258.468994140625
87,-0.7273333072662354,-3.4643332958221436,261.51934814453125
88,0.7556666731834412,-3.050999879837036,264.3426513671875
89,1.6083333492279053,-3.635333299636841,267.1736755371094
90,1.375666618347168,-3.9159998893737793,270.1856689453125
91,1.6516666412353516,-3.490666627883911,273.4620056152344
92,2.390333414077759,-3.7916667461395264,276.148681640625
93,2.195333242416382,-5.10366678237915,278.95233154296875
94,1.8726667165756226,-4.769333362579346,282.4806823730469
95,1.7593333721160889,-4.888333320617676,284.3776550292969
96,1.7360000610351563,-5.048999786376953,287.7870178222656
97,0.9996666312217712,-4.364666938781738,290.8890075683594
98,0.7806666493415833,-3.7953333854675293,293.885009765625
99,0.8163333535194397,-3.9843335151672363,297.18701171875
100,-0.4803333282470703,-4.275333404541016,299.8453369140625
101,-0.9956666231155396,-4.299666881561279,302.5276794433594
102,-0.49133336544036865,-4.376333236694336,305.92333984375
103,-0.30266666412353516,-4.979666709899902,308.94366455078125
104,-0.6259999871253967,-4.376333236694336,311.8110046386719
105,-0.6983332633972168,-4.083666801452637,314.88232421875
106,-1.2893332242965698,-4.917666435241699,318.22833251953125
107,-1.3179999589920044,-4.583333492279053,320.7340087890625
108,-1.2073333263397217,-3.815999984741211,323.669677734375
109,-0.5886666774749756,-3.7003333568573,327.2103271484375
110,-0.7866666316986084,-3.745000123977661,330.30767822265625
111,-0.43166670203208923,-3.18833327293396,333.57598876953125
112,0.9736666679382324,-3.5989999771118164,336.3203430175781
113,0.8706666827201843,-4.248000144958496,339.3000183105469
114,0.6173333525657654,-2.3513333797454834,342.2563171386719
115,0.19066667556762695,-1.8346667289733887,345.24566650390625
116,0.411333292722702,-1.1103333234786987,348.0853271484375
117,0.1496666669845581,-0.9116666913032532,351.50567626953125
118,0.8259999752044678,-0.6156666874885559,354.5826721191406
119,1.2120000123977661,-0.7213333249092102,357.1673278808594
120,1.4593334197998047,-0.2693333327770233,360.01068115234375
121,1.3203333616256714,1.2690000534057617,362.8240051269531
122,1.1103333234786987,0.9946666955947876,365.1610107421875
123,0.887999951839447,1.0416666269302368,368.5213317871094
124,-1.3119999170303345,1.4210000038146973,370.7480163574219
125,-1.8873333930969238,1.4543333053588867,372.6233215332031
126,-1.2013332843780518,1.0476666688919067,375.809326171875
127,-0.7599999904632568,0.6586666703224182,378.7133483886719
128,-0.1133333221077919,0.6633332967758179,381.49200439453125
129,0.0843333825469017,1.0286667346954346,384.49932861328125
130,1.215666651725769,0.08400002866983414,387.6136779785156
131,0.19166666269302368,-0.684333324432373,390.23565673828125
132,0.39533334970474243,-0.10233330726623535,393.7923278808594
133,2.2783331871032715,-1.319000005722046,396.6023254394531
134,2.871666669845581,-2.2643332481384277,398.93499755859375
135,2.931666612625122,-1.0096668004989624,402.3080139160156
136,3.2736666202545166,-1.1673333644866943,404.9576721191406
137,2.2063331604003906,-0.005333373788744211,407.4119873046875
138,1.6123334169387817,-0.03766663745045662,410.3689880371094
139,1.33733332157135,0.7513332962989807,413.6686706542969
140,0.9596666693687439,1.6119999885559082,415.9013366699219
141,0.722000002861023,0.9200000166893005,419.08599853515625
142,-0.6399999260902405,1.6790000200271606,422.1820068359375
143,-0.6313333511352539,2.5886664390563965,425.0870056152344
144,-0.5680000185966492,2.707333564758301,428.6203308105469
145,-1.441666603088379,1.33733332157135,431.4666748046875
146,-1.8556667566299438,1.3839999437332153,433.621337890625
147,-1.5603333711624146,0.8389999866485596,437.0533447265625
148,-1.7746665477752686,0.3943333327770233,440.31134033203125
149,-2.261666774749756,0.531000018119812,442.9750061035156
150,-1.5386667251586914,0.8613333702087402,446.093994140625
151,-1.2693332433700562,-0.35199999809265137,449.3240051269531
152,-2.5420000553131104,-0.6756666898727417,451.4756774902344
153,-2.484999895095825,-0.715999960899353,454.8056640625
154,-1.940666675567627,-0.3240000307559967,457.5956726074219
155,-1.0956666469573975,-0.45399993658065796,460.35333251953125
156,-0.5616666674613953,0.30666670203208923,463.5329895019531
157,-1.031999945640564,1.0186666250228882,466.19134521484375
158,-0.9203333854675293,1.9649999141693115,468.4989929199219
159,-1.1053333282470703,3.0410001277923584,471.5539855957031
160,-1.1613333225250244,4.133333206176758,474.09234619140625
161,-1.4606666564941406,4.982666492462158,476.1189880371094
162,-1.407333254814148,5.053333282470703,479.3780212402344
163,-1.1976666450500488,5.697666645050049,482.2460021972656
164,-0.9886666536331177,6.740333557128906,484.79534912109375
165,-0.2553333044052124,7.070333480834961,487.593017578125
166,-0.731333315372467,7.669666767120361,490.7263488769531
167,-1.8646667003631592,8.017000198364258,493.08099365234375
168,-1.7523332834243774,8.012333869934082,496.3450012207031
169,-1.9259999990463257,7.306666851043701,499.9063415527344
170,-2.514666795730591,7.8429999351501465,502.0473327636719
171,-1.340333342552185,8.264666557312012,505.1926574707031
172,-0.18766659498214722,7.896000385284424,507.91033935546875
173,0.8126667141914368,7.817333221435547,510.888671875
174,2.0356667041778564,8.43066692352295,513.712646484375
175,3.051666736602783,9.126333236694336,516.3519897460938
176,3.3986666202545166,9.502666473388672,518.8423461914063
177,4.188666820526123,10.2926664352417,521.8209838867188
178,6.460666656494141,11.169666290283203,523.3643188476563
179,7.7213335037231445,11.47499942779541,526.586669921875
180,7.168000221252441,11.49899959564209,529.3316650390625
181,8.234000205993652,13.03066635131836,532.2803344726563
182,8.948333740234375,14.21399974822998,534.3286743164063
183,8.943333625793457,15.2586669921875,537.3756713867188
184,8.309333801269531,15.762332916259766,540.5056762695313
185,7.630333423614502,15.588333129882813,543.218017578125
186,7.121333122253418,15.555000305175781,546.5413208007813
187,6.344333171844482,15.762333869934082,549.9166870117188
188,6.210666656494141,16.490333557128906,552.760009765625
189,6.470999717712402,16.461000442504883,556.2009887695313
190,5.257333278656006,16.21233367919922,559.38134765625
191,4.7179999351501465,15.534000396728516,561.8086547851563
192,4.965000152587891,14.89900016784668,565.1656494140625
193,4.867666721343994,14.869333267211914,567.8896484375
194,4.505666732788086,14.166999816894531,570.5889892578125
195,4.117000102996826,13.907333374023438,573.9263305664063
196,4.433666706085205,14.127333641052246,577.2693481445313
197,5.802666664123535,14.276333808898926,579.1663208007813
198,5.034333229064941,15.009666442871094,582.2109985351563
199,6.456000328063965,14.956666946411133,585.268310546875
200,7.082333564758301,14.449666976928711,588.3369750976563
201,5.750333309173584,13.968999862670898,591.5509643554688
202,5.366666793823242,14.638333320617676,594.9453125
203,5.255000114440918,15.247333526611328,596.9456787109375
204,4.9006667137146,16.399999618530273,599.7696533203125
205,3.3353333473205566,16.404998779296875,602.9596557617188
206,2.7760000228881836,17.021665573120117,605.0526733398438
207,2.4873335361480713,16.793333053588867,608.583984375
208,2.7143332958221436,16.208667755126953,611.7503051757813
209,1.97433340549469,16.044666290283203,614.5296630859375
210,1.9243333339691162,16.376333236694336,618.0596313476563
211,1.5733332633972168,15.857666969299316,621.53369140625
212,1.5703333616256714,15.617666244506836,623.8573608398438
213,2.36733341217041,15.873000144958496,626.9943237304688
214,2.5273332595825195,15.579999923706055,630.1126708984375
215,2.5886666774749756,15.433333396911621,632.7269897460938
216,2.5916666984558105,16.379667282104492,636.0250244140625
217,3.303666591644287,15.78266716003418,638.621337890625
218,3.441999912261963,15.736666679382324,642.1326904296875
219,2.482666492462158,16.917333602905273,645.1036376953125
220,3.699666738510132,17.41200065612793,648.3920288085938
221,5.353000164031982,17.435667037963867,650.3980102539063
222,6.121333122253418,18.514999389648438,653.4773559570313
223,5.945666790008545,19.85033416748047,656.3419799804688
224,7.211999893188477,20.72800064086914,659.0029907226563
225,7.128333568572998,21.368000030517578,661.9363403320313
226,6.047666549682617,22.239999771118164,664.7830200195313
227,5.362666606903076,23.53533363342285,666.8243408203125
228,6.332333087921143,22.643667221069336,669.9743041992188
229,6.274333477020264,22.564001083374023,673.0463256835938
230,5.87333345413208,22.614665985107422,675.2899780273438
231,6.368333339691162,22.279666900634766,678.6719970703125
232,6.290666580200195,22.122333526611328,681.7853393554688
233,5.929999828338623,22.510000228881836,683.9450073242188
234,6.029333114624023,23.062999725341797,687.0700073242188
235,6.427000045776367,22.666000366210938,690.0983276367188
236,7.252000331878662,22.10533332824707,692.8153076171875
237,7.966000080108643,21.517000198364258,696.2559814453125
238,8.274333000183105,21.57699966430664,698.711669921875
239,7.020333290100098,21.766666412353516,701.7880249023438
240,7.083666801452637,22.15833282470703,704.9136352539063
241,8.206665992736816,21.785999298095703,707.3176879882813
242,9.54800033569336,21.25666618347168,710.3273315429688
243,8.89366626739502,21.546667098999023,713.4149780273438
244,9.510333061218262,22.218666076660156,716.8173217773438
245,10.253999710083008,22.16266632080078,719.3090209960938
246,9.64699935913086,21.42966651916504,722.4346313476563
247,9.324999809265137,22.314332962036133,725.6236572265625
248,9.4913330078125,22.777999877929688,728.1920166015625
249,8.865666389465332,22.71299934387207,731.32763671875
250,7.748666763305664,22.974666595458984,734.4580078125
251,7.296333312988281,22.919666290283203,736.608642578125
252,7.578666687011719,22.156665802001953,739.795654296875
253,7.863666534423828,21.05699920654297,742.9103393554688
254,8.32699966430664,20.988332748413086,745.2876586914063
255,8.600666999816895,20.26099967956543,748.5166625976563
256,8.402667045593262,19.62733268737793,751.4876708984375
257,8.871333122253418,18.63800048828125,754.4493408203125
258,9.571000099182129,18.35700035095215,757.4563598632813
259,11.041666984558105,16.714000701904297,759.75634765625
260,11.784667015075684,16.172000885009766,761.9883422851563
261,12.335333824157715,16.176000595092773,764.6866455078125
262,13.084333419799805,16.402000427246094,768.13232421875
263,13.668000221252441,15.843000411987305,770.9176635742188
264,12.866333961486816,15.430000305175781,774.0826416015625
265,13.296667098999023,16.31399917602539,777.6303100585938
266,14.299333572387695,16.715999603271484,780.1060180664063
267,13.658332824707031,16.963001251220703,783.5663452148438
268,13.168333053588867,17.37566566467285,786.447021484375
269,12.86966609954834,16.96266746520996,789.5706787109375
270,13.296000480651855,15.658666610717773,792.5396728515625
271,12.902667045593262,15.265334129333496,796.0280151367188
272,12.615333557128906,15.521666526794434,798.0040283203125
273,12.426666259765625,14.381333351135254,801.3720092773438
274,11.963333129882813,14.876334190368652,803.9046630859375
275,12.639333724975586,13.933333396911621,806.78369140625
276,12.744999885559082,13.341333389282227,809.64697265625
277,11.897333145141602,13.994000434875488,812.7059936523438
278,13.038999557495117,13.575666427612305,815.927001953125
279,13.658333778381348,12.244333267211914,818.6060180664063
280,14.206999778747559,11.62933349609375,821.56298828125
281,14.862333297729492,11.848999977111816,823.121337890625
282,15.22266674041748,11.737666130065918,826.4822998046875
283,16.387001037597656,10.739999771118164,829.5403442382813
284,16.692333221435547,9.594666481018066,832.3330078125
285,16.65166664123535,9.957666397094727,835.8136596679688
286,16.310333251953125,10.848333358764648,838.877685546875
287,16.700000762939453,11.15333366394043,841.3683471679688
288,16.507667541503906,10.911333084106445,844.6820068359375
289,16.847999572753906,11.927332878112793,847.7969970703125
290,17.341333389282227,12.654666900634766,850.38037109375
291,16.687667846679688,12.202666282653809,853.4840087890625
292,16.749000549316406,11.15999984741211,856.594970703125
293,17.06599998474121,11.73033332824707,859.1190185546875
294,17.22366714477539,11.332332611083984,862.3626708984375
295,16.354333877563477,10.469666481018066,865.2763671875
296,15.837666511535645,10.327666282653809,868.2179565429688
297,16.0223331451416,9.62933349609375,871.4276733398438
298,16.178667068481445,9.182666778564453,874.3043212890625
299,16.06833267211914,8.566332817077637,876.7579956054688
300,17.11833381652832,7.563000202178955,879.9213256835938
301,17.695999145507813,7.026000022888184,882.378662109375
302,18.139333724975586,6.768666744232178,885.0256958007813
303,17.501667022705078,6.296999931335449,888.0916748046875
304,17.540666580200195,6.502666473388672,891.4609985351563
305,18.373332977294922,5.855666637420654,894.3049926757813
306,18.233667373657227,5.311333179473877,896.9080200195313
307,19.373332977294922,5.817666530609131,900.1619873046875
308,19.908000946044922,5.89133358001709,902.9010009765625
309,19.222333908081055,5.953000068664551,906.0360107421875
310,19.25200080871582,6.625666618347168,909.2490234375
311,19.659000396728516,6.862333297729492,911.6829833984375
312,19.369333267211914,6.876333236694336,915.1179809570313
313,19.093000411987305,7.6526665687561035,917.7760009765625
314,17.623332977294922,7.315666675567627,919.46533203125
315,17.49266815185547,6.599999904632568,922.6126708984375
316,17.647666931152344,6.659999847412109,925.7296752929688
317,18.268999099731445,6.4026665687561035,928.5253295898438
318,18.663331985473633,4.739999771118164,931.59033203125
319,19.169666290283203,3.185333251953125,934.351318359375
320,18.95166778564453,2.9629998207092285,936.7733154296875
321,18.93199920654297,3.5793333053588867,939.9833374023438
322,19.963333129882813,3.010999917984009,942.9956665039063
323,20.17133331298828,1.8103333711624146,945.559326171875
324,19.920665740966797,2.072333335876465,948.9076538085938
325,20.753334045410156,2.4010000228881836,952.301025390625
326,20.891666412353516,1.7580000162124634,954.8546752929688
327,20.998666763305664,2.121333360671997,958.1713256835938
328,21.363332748413086,3.1540000438690186,961.5196533203125
329,21.04633331298828,3.2106666564941406,963.5449829101563
330,20.156999588012695,4.420000076293945,966.6740112304688
331,20.415332794189453,4.934333324432373,969.3496704101563
332,20.33366584777832,4.9063334465026855,971.8489990234375
333,20.562332153320313,4.200666904449463,975.1673583984375
334,20.51533317565918,3.8466665744781494,978.4523315429688
335,20.568666458129883,4.608666896820068,980.8596801757813
336,20.858333587646484,4.381333351135254,984.024658203125
337,20.350666046142578,3.7319998741149902,987.4739990234375
338,19.6646671295166,2.9776666164398193,990.2039794921875
339,20.011667251586914,2.806333303451538,992.9613647460938
340,19.44266700744629,2.250999927520752,996.310302734375
341,19.854333877563477,2.259666681289673,998.78466796875
342,20.812000274658203,1.4246667623519897,1001.9169921875
343,20.807666778564453,1.1333333253860474,1004.732666015625
344,21.015666961669922,1.1386666297912598,1007.3466796875
345,21.053667068481445,1.3703333139419556,1010.8470458984375
346,21.40833282470703,1.5133333206176758,1013.9536743164063
347,21.479331970214844,1.4083333015441895,1017.40966796875
348,21.336999893188477,1.722666621208191,1020.4819946289063
349,21.57633399963379,2.80566668510437,1023.5590209960938
350,22.139999389648438,3.4210000038146973,1025.8736572265625
351,21.470333099365234,2.8003334999084473,1029.16162109375
352,21.400667190551758,3.99833345413208,1031.9923095703125
353,20.82866668701172,5.223999977111816,1034.655029296875
354,20.874666213989258,5.360333442687988,1037.6363525390625
355,19.64099884033203,5.697000026702881,1040.5916748046875
356,18.578332901000977,6.0420002937316895,1042.693359375
357,17.868999481201172,6.577333450317383,1046.0069580078125
358,18.852333068847656,6.574000358581543,1049.3203125
359,18.34666633605957,5.802666664123535,1050.9176025390625
360,18.69733238220215,6.045000076293945,1054.3330078125
361,18.222333908081055,5.353000164031982,1057.625732421875
362,17.952667236328125,5.28000020980835,1060.440673828125
363,18.521333694458008,5.506999969482422,1063.9019775390625
364,19.19266700744629,5.5920000076293945,1066.890380859375
365,19.737333297729492,6.091333389282227,1069.88037109375
366,19.641666412353516,6.7783331871032715,1073.1346435546875
367,19.62066650390625,6.264333248138428,1076.27197265625
368,20.616666793823242,6.470333576202393,1079.2900390625
369,20.529666900634766,6.086333274841309,1082.7103271484375
370,21.987667083740234,7.749333381652832,1085.524658203125
371,22.698999404907227,7.542666912078857,1088.2257080078125
372,22.544666290283203,9.579667091369629,1091.0440673828125
373,21.939332962036133,10.541999816894531,1093.322021484375
374,21.48200035095215,11.293999671936035,1095.6763916015625
375,21.022666931152344,11.957666397094727,1099.029296875
376,20.606666564941406,13.776999473571777,1101.1849365234375
377,20.843334197998047,14.651999473571777,1103.9429931640625
378,19.850666046142578,15.09766674041748,1105.6793212890625
379,19.316333770751953,16.971332550048828,1108.4346923828125
380,20.595333099365234,17.187999725341797,1111.49169921875
381,20.067333221435547,17.027332305908203,1114.3160400390625
382,19.368000030517578,18.07266616821289,1117.0924072265625
383,19.422000885009766,17.875333786010742,1119.46533203125
384,19.127334594726563,17.869998931884766,1122.649658203125
385,19.781333923339844,17.33799934387207,1126.1036376953125
386,20.255332946777344,17.385334014892578,1128.4412841796875
387,21.56533432006836,17.73933219909668,1131.445068359375
388,22.193666458129883,17.706666946411133,1134.559326171875
389,21.67933464050293,17.519332885742188,1137.02001953125
390,20.534000396728516,18.328332901000977,1139.6610107421875
391,20.2413330078125,19.045333862304688,1143.1043701171875
392,20.420333862304688,19.389333724975586,1145.5689697265625
393,21.229665756225586,20.100666046142578,1148.7509765625
394,20.793333053588867,20.819665908813477,1151.93408203125
395,19.970666885375977,22.54433250427246,1154.2449951171875
396,19.426000595092773,23.54366683959961,1157.497314453125
397,18.584667205810547,23.488666534423828,1160.4356689453125
398,18.04633331298828,23.66266632080078,1162.64794921875
399,18.233667373657227,23.558332443237305,1165.7332763671875
400,17.378665924072266,23.670333862304688,1169.1365966796875
401,17.18899917602539,23.202333450317383,1171.8759765625
402,17.29199981689453,23.402667999267578,1175.2943115234375
403,15.916333198547363,23.63599967956543,1178.1136474609375
404,16.277000427246094,23.255332946777344,1180.843017578125
405,16.827333450317383,23.55933380126953,1184.054931640625
406,17.411333084106445,23.623666763305664,1187.11962890625
407,17.166000366210938,23.542333602905273,1189.788330078125
408,17.797000885009766,23.328332901000977,1192.986328125
409,19.191999435424805,24.255332946777344,1195.859619140625
410,20.19766616821289,24.429000854492188,1198.7293701171875
411,20.670000076293945,25.593000411987305,1202.14501953125
412,20.86199951171875,26.321332931518555,1205.1282958984375
413,20.57033348083496,27.033000946044922,1208.3037109375
414,20.208999633789063,27.650667190551758,1211.0177001953125
415,18.930667877197266,28.673999786376953,1214.140625
416,19.290000915527344,29.262332916259766,1216.7896728515625
417,18.35099983215332,29.522001266479492,1219.9310302734375
418,17.18400001525879,30.67333221435547,1222.8170166015625
419,16.690000534057617,31.617000579833984,1225.63037109375
420,15.868000030517578,31.60300064086914,1229.0477294921875
421,14.631999969482422,31.753665924072266,1232.030029296875
422,14.102333068847656,32.80633544921875,1234.365966796875
423,13.212666511535645,32.81800079345703,1237.4173583984375
424,12.060667037963867,31.516666412353516,1240.31103515625
425,9.802999496459961,32.783668518066406,1242.0733642578125
426,9.143667221069336,33.84866714477539,1245.6173095703125
427,9.132333755493164,32.787330627441406,1248.7086181640625
428,7.706666469573975,31.887332916259766,1251.161376953125
429,6.591333389282227,33.22633361816406,1253.885986328125
430,6.955333232879639,33.39500045776367,1257.1019287109375
431,6.756333351135254,32.46333312988281,1259.329345703125
432,6.23633337020874,32.99766540527344,1262.9093017578125
433,6.008333206176758,32.715667724609375,1265.9169921875
434,5.052999973297119,33.638999938964844,1269.1829833984375
435,3.9116666316986084,34.54933547973633,1271.1646728515625
436,3.2136666774749756,35.35499954223633,1274.1356201171875
437,3.676666736602783,35.944000244140625,1276.1566162109375
438,2.878000020980835,36.07699966430664,1279.4749755859375
439,1.2309999465942383,36.7686653137207,1281.99462890625
440,0.11166670173406601,37.654666900634766,1283.7752685546875
441,-1.216666579246521,37.797000885009766,1286.593994140625
442,-3.0160000324249268,37.34266662597656,1289.3653564453125
443,-3.7826666831970215,36.146331787109375,1290.873046875
444,-4.590333461761475,35.375999450683594,1293.7919921875
445,-5.000999927520752,35.40266799926758,1296.8580322265625
446,-5.203333377838135,36.00666809082031,1298.8480224609375
447,-4.869333267211914,37.23433303833008,1301.9940185546875
448,-4.845666885375977,36.37699890136719,1305.1533203125
449,-5.704999923706055,36.55400085449219,1307.66064453125
450,-4.641333103179932,36.73500061035156,1311.0423583984375
451,-3.261333465576172,37.24700164794922,1312.7513427734375
452,-1.4796667098999023,37.77166748046875,1314.7933349609375
453,-0.3869999945163727,38.98466873168945,1317.796630859375
454,-0.3023333251476288,40.00266647338867,1320.518310546875
455,-0.23066659271717072,40.27299880981445,1323.5406494140625
456,0.13499999046325684,39.4913330078125,1325.566650390625
457,1.0149999856948853,41.46333312988281,1328.3623046875
458,1.500333309173584,41.88133239746094,1331.263671875
459,0.7246667146682739,42.2476692199707,1334.2109375
460,0.7509999871253967,42.53033447265625,1337.4190673828125
461,1.319000005722046,42.87699890136719,1340.387939453125
462,0.6983333230018616,42.628997802734375,1343.7357177734375
463,-0.12466666102409363,41.284332275390625,1346.35205078125
464,-0.2723332941532135,41.82133483886719,1348.58837890625
465,0.7386667132377625,41.628997802734375,1351.88134765625
466,0.8270000219345093,40.349334716796875,1354.337646484375
467,0.9753333330154419,40.79033279418945,1356.8973388671875
468,0.7330000996589661,41.86933135986328,1360.06005859375
469,1.5243333578109741,41.819000244140625,1363.16064453125
470,1.347000002861023,40.7599983215332,1365.6739501953125
471,1.597000002861023,40.952667236328125,1369.1929931640625
472,2.3513333797454834,41.40700149536133,1372.343994140625
473,2.4083333015441895,41.07133483886719,1374.8216552734375
474,1.7519999742507935,40.814666748046875,1378.1043701171875
475,2.13100004196167,41.29766845703125,1381.405029296875
476,2.4533333778381348,42.01466751098633,1383.935302734375
477,2.632333278656006,42.34733200073242,1387.5323486328125
478,2.802666664123535,42.32233428955078,1390.32373046875
479,1.9996665716171265,42.82699966430664,1393.0863037109375
480,2.2293334007263184,42.04633331298828,1396.6806640625
481,1.7686666250228882,42.34400177001953,1399.83203125
482,1.8453333377838135,42.45600128173828,1402.8160400390625
483,1.9383333921432495,42.20166778564453,1406.2623291015625
484,1.6759999990463257,41.647335052490234,1409.0670166015625
485,1.0483332872390747,41.6150016784668,1411.32763671875
486,1.6763334274291992,41.288665771484375,1414.666015625
487,2.0283331871032715,40.62033462524414,1416.9200439453125
488,2.684999942779541,38.95033264160156,1419.5966796875
489,2.259000062942505,38.22266387939453,1422.862060546875
490,2.546999931335449,38.01133346557617,1425.9716796875
491,2.8963334560394287,37.2226676940918,1427.656982421875
492,3.1393332481384277,36.72800064086914,1431.273681640625
493,4.707666397094727,35.68466567993164,1433.918701171875
494,5.62066650390625,35.76933288574219,1436.3609619140625
495,4.728000164031982,35.73500061035156,1439.5760498046875
496,4.7213335037231445,36.43299865722656,1442.9599609375
497,5.064666748046875,36.05266571044922,1445.50732421875
498,4.372666835784912,35.749000549316406,1449.0869140625
499,3.9073333740234375,36.9196662902832,1451.838623046875
500,4.276333332061768,37.14066696166992,1454.0306396484375
501,4.553666591644287,35.64266586303711,1457.255615234375
502,4.641666889190674,34.987998962402344,1460.05126953125
503,4.960333347320557,35.095001220703125,1462.6746826171875
504,5.25333309173584,34.65599822998047,1465.8470458984375
505,4.61133337020874,34.07966613769531,1469.1593017578125
506,4.959333419799805,33.47333526611328,1471.4930419921875
507,5.481333255767822,31.73699951171875,1474.0780029296875
508,5.620666980743408,30.08799934387207,1477.2359619140625
509,6.164999961853027,29.86766815185547,1479.50830078125
510,6.620333194732666,29.097999572753906,1482.8780517578125
511,7.2866668701171875,29.417333602905273,1485.872314453125
512,7.885666847229004,28.597000122070313,1488.5126953125
513,8.579667091369629,28.744667053222656,1491.806640625
514,9.154333114624023,29.65399932861328,1494.4173583984375
515,9.907999992370605,30.593666076660156,1497.310302734375
516,10.21833324432373,30.685667037963867,1500.2740478515625
517,9.301667213439941,31.72633171081543,1503.1446533203125
518,8.775333404541016,31.345666885375977,1505.2646484375
519,9.090666770935059,30.92300033569336,1508.585693359375
520,8.865666389465332,31.538667678833008,1511.3463134765625
521,8.753999710083008,32.073665618896484,1513.6005859375
522,9.321999549865723,31.42366600036621,1516.516357421875
523,8.896332740783691,31.181333541870117,1519.8033447265625
524,8.869999885559082,31.57033348083496,1522.7086181640625
525,8.96399974822998,31.190332412719727,1525.67236328125
526,8.538999557495117,30.732666015625,1528.991943359375
527,8.445333480834961,30.48200035095215,1531.7049560546875
528,9.039999961853027,29.565000534057617,1534.8280029296875
529,9.428333282470703,28.751998901367188,1537.865966796875
530,9.850000381469727,28.22133445739746,1540.542724609375
531,10.231666564941406,28.338001251220703,1543.8272705078125
532,10.845333099365234,27.601333618164063,1546.6456298828125
533,11.576333045959473,27.5260009765625,1549.3360595703125
534,11.524666786193848,27.288999557495117,1552.6357421875
535,11.771332740783691,27.597000122070313,1555.873291015625
536,12.878999710083008,27.49799919128418,1558.3349609375
537,13.456666946411133,27.95166778564453,1561.5623779296875
538,13.661666870117188,28.253334045410156,1564.8250732421875
539,12.78933334350586,28.897001266479492,1567.2490234375
540,11.776000022888184,29.131999969482422,1570.475341796875
541,10.991666793823242,28.972999572753906,1573.07470703125
542,10.671667098999023,28.64966583251953,1575.2569580078125
543,11.804333686828613,28.374666213989258,1578.2073974609375
544,11.493666648864746,29.284666061401367,1581.39892578125
545,11.635333061218262,29.756999969482422,1584.15234375
546,12.283666610717773,28.801666259765625,1587.0333251953125
547,10.961333274841309,28.12299919128418,1590.2159423828125
548,10.048333168029785,28.608999252319336,1593.177978515625
549,10.28499984741211,28.59833335876465,1596.4136962890625
550,10.574666976928711,27.52833366394043,1599.391357421875
551,11.013999938964844,26.83966636657715,1601.781982421875
552,11.693333625793457,27.034666061401367,1604.9647216796875
553,12.303666114807129,25.42366600036621,1607.740966796875
554,11.694666862487793,24.981332778930664,1609.6529541015625
555,11.58566665649414,25.52400016784668,1613.0697021484375
556,12.351333618164063,24.979333877563477,1615.7276611328125
557,12.784667015075684,24.628665924072266,1618.2169189453125
558,13.099666595458984,24.457332611083984,1621.53271484375
559,12.835332870483398,25.191667556762695,1624.7496337890625
560,13.895000457763672,25.06533432006836,1626.95263671875
561,13.48799991607666,25.238666534423828,1630.51171875
562,12.741666793823242,25.492666244506836,1633.31298828125
563,12.800999641418457,25.54599952697754,1635.8492431640625
564,12.835332870483398,24.481332778930664,1638.558349609375
565,11.927332878112793,24.706666946411133,1642.0159912109375
566,11.860333442687988,25.078332901000977,1644.455322265625
567,12.041333198547363,24.7636661529541,1647.8560791015625
568,11.767999649047852,24.59866714477539,1650.861328125
569,11.23799991607666,24.340333938598633,1652.54833984375
570,10.481332778930664,24.398332595825195,1655.74462890625
571,10.392000198364258,23.744333267211914,1658.967041015625
572,10.82800006866455,22.816333770751953,1661.7420654296875
573,11.473666191101074,22.44566535949707,1664.818359375
574,13.182666778564453,22.318666458129883,1668.058349609375
575,12.68066692352295,21.933000564575195,1670.5506591796875
576,12.464666366577148,22.948333740234375,1673.6236572265625
577,13.174333572387695,23.18633270263672,1676.720703125
578,13.135333061218262,23.084667205810547,1679.58935546875
579,13.13266658782959,23.66699981689453,1682.7879638671875
580,13.364333152770996,25.124666213989258,1685.399658203125
581,12.958000183105469,26.183666229248047,1687.8553466796875
582,12.214667320251465,25.90133285522461,1691.224609375
583,12.074333190917969,26.66866683959961,1694.459716796875
584,11.906000137329102,27.185333251953125,1696.6710205078125
585,11.634333610534668,27.194334030151367,1699.9429931640625
586,10.779666900634766,27.577667236328125,1702.7852783203125
587,10.184333801269531,27.535667419433594,1705.749267578125
588,10.10866641998291,27.12299919128418,1708.493408203125
589,9.977333068847656,27.318334579467773,1711.5972900390625
590,8.938333511352539,27.270666122436523,1713.6080322265625
591,7.355666637420654,26.389999389648438,1716.3809814453125
592,7.331333160400391,24.888999938964844,1718.9273681640625
593,7.807333469390869,23.6113338470459,1720.9920654296875
594,6.706666469573975,23.7276668548584,1724.0286865234375
595,7.4670000076293945,22.716333389282227,1727.135986328125
596,6.505332946777344,20.99799919128418,1729.6956787109375
597,4.964666366577148,21.93833351135254,1732.328369140625
598,5.426666736602783,23.267333984375,1735.135009765625
599,4.996000289916992,21.974000930786133,1737.064697265625
600,3.7303333282470703,21.42733383178711,1739.3853759765625
601,3.3989999294281006,21.354333877563477,1741.68701171875
602,2.859999895095825,21.833667755126953,1744.0653076171875
603,3.239333391189575,21.959667205810547,1747.178955078125
604,2.7666666507720947,22.70800018310547,1749.9866943359375
605,3.3299999237060547,24.10700035095215,1752.751708984375
606,2.7946665287017822,23.690000534057617,1755.9493408203125
607,1.0213333368301392,23.41433334350586,1758.5377197265625
608,0.24899999797344208,23.72100067138672,1760.25732421875
609,0.061666667461395264,23.341333389282227,1763.468994140625
610,-0.3893333375453949,22.961666107177734,1766.761962890625
611,-1.278333306312561,22.82200050354004,1769.2156982421875
612,-1.5130000114440918,22.618000030517578,1772.6070556640625
613,-0.8813332915306091,22.4913330078125,1775.7159423828125
614,-0.8893332481384277,22.267667770385742,1778.2860107421875
615,-0.8700000047683716,22.13433265686035,1781.63671875
616,-0.4136667251586914,21.617666244506836,1784.8507080078125
617,-0.5260000228881836,20.920000076293945,1787.4722900390625
618,-1.027999997138977,21.4689998626709,1791.0533447265625
619,-1.1446666717529297,21.978666305541992,1794.3472900390625
620,-1.0700000524520874,21.604333877563477,1796.7889404296875
621,-1.2963333129882813,21.63566780090332,1800.2457275390625
622,-1.715666651725769,22.296667098999023,1803.0416259765625
623,-1.9520000219345093,23.371665954589844,1805.7486572265625
624,-1.9586665630340576,23.202667236328125,1809.2047119140625
625,-2.315333366394043,22.3526668548584,1812.3707275390625
626,-2.0299999713897705,22.607999801635742,1814.9473876953125
627,-1.9250000715255737,21.89466667175293,1818.197998046875
628,-2.4183332920074463,21.748332977294922,1821.260009765625
629,-3.178333282470703,21.854999542236328,1823.6307373046875
630,-2.951666831970215,21.55233383178711,1826.657958984375
631,-2.935666561126709,21.454999923706055,1829.781982421875
632,-2.073666572570801,20.868999481201172,1831.77294921875
633,-2.1473333835601807,20.420000076293945,1835.4423828125
634,-1.568000078201294,18.6473331451416,1837.9036865234375
635,-1.3569999933242798,17.71933364868164,1840.7286376953125
636,-0.5579999685287476,17.602001190185547,1844.161376953125
637,0.22466666996479034,17.584667205810547,1847.1773681640625
638,1.1089999675750732,17.94033432006836,1849.810302734375
639,0.5076666474342346,18.047666549682617,1853.1126708984375
640,1.6573333740234375,17.764333724975586,1856.3060302734375
641,1.6323332786560059,17.77666664123535,1859.4866943359375
642,2.0880000591278076,18.475332260131836,1862.20263671875
643,2.4689998626708984,19.565332412719727,1864.4630126953125
644,2.069000005722046,20.444334030151367,1866.851318359375
645,2.0913331508636475,20.344667434692383,1870.38330078125
646,1.568000078201294,20.632333755493164,1873.18896484375
647,1.5153332948684692,21.637001037597656,1875.8310546875
648,1.4733333587646484,21.211999893188477,1878.122314453125
649,1.249333381652832,21.557666778564453,1880.958984375
650,2.2860000133514404,21.623332977294922,1883.968017578125
651,2.490666627883911,21.308000564575195,1886.1229248046875
652,2.07366681098938,20.3526668548584,1889.416259765625
653,2.376999855041504,20.16200065612793,1891.890625
654,2.819666862487793,21.215999603271484,1894.343017578125
655,3.8433334827423096,20.082332611083984,1897.4110107421875
656,4.685999870300293,19.267333984375,1899.887939453125
657,5.392666339874268,19.47166633605957,1903.4376220703125
658,6.677999973297119,21.17366600036621,1906.3746337890625
659,6.552000045776367,21.285999298095703,1908.8809814453125
660,6.026333332061768,22.5310001373291,1912.031005859375
661,6.195666790008545,23.306665420532227,1914.8927001953125
662,6.807666778564453,23.908666610717773,1916.7763671875
663,7.4023332595825195,23.851333618164063,1919.8037109375
664,7.203000068664551,25.03033447265625,1922.8280029296875
665,6.505000114440918,25.332666397094727,1925.57666015625
666,5.844333648681641,25.593000411987305,1928.3372802734375
667,5.084666728973389,27.231000900268555,1931.3363037109375
668,5.452332973480225,28.299667358398438,1933.95361328125
669,4.590000152587891,28.391000747680664,1936.88427734375
670,4.036333084106445,29.343334197998047,1940.0433349609375
671,3.6656665802001953,30.70866584777832,1942.12841796875
672,3.94866681098938,30.756999969482422,1944.6893310546875
673,3.7826666831970215,31.40133285522461,1948.2886962890625
674,4.297333240509033,31.582332611083984,1951.15234375
675,4.445333480834961,30.569000244140625,1953.8709716796875
676,3.3409998416900635,28.715999603271484,1955.76806640625
677,3.9093334674835205,28.77633285522461,1958.352294921875
678,5.12766695022583,27.722999572753906,1961.5057373046875
679,4.875333309173584,26.74333381652832,1964.58935546875
680,4.564333438873291,26.762332916259766,1966.294677734375
681,4.891666889190674,26.39666748046875,1969.4176025390625
682,3.941999912261963,26.59200096130371,1972.5283203125
683,5.146666526794434,25.443666458129883,1975.41796875
684,4.199333190917969,24.05933380126953,1978.3280029296875
685,3.2203333377838135,23.594667434692383,1981.208984375
686,3.4633333683013916,23.56999969482422,1983.53466796875
687,2.7319998741149902,22.06999969482422,1986.40771484375
688,1.784666657447815,20.53333282470703,1988.98828125
689,0.5760000348091125,19.586332321166992,1990.747314453125
690,-0.18066664040088654,19.15566635131836,1994.0003662109375
691,-1.5600000619888306,18.509000778198242,1997.1646728515625
692,-2.38100004196167,18.718666076660156,1999.3370361328125
693,-2.5850000381469727,18.980998992919922,2002.9033203125
694,-3.758666753768921,17.920333862304688,2005.739990234375
695,-4.800666809082031,17.62733268737793,2008.2667236328125
696,-5.199333667755127,17.988000869750977,2011.873046875
697,-4.755333423614502,17.538665771484375,2014.767333984375
698,-5.511666774749756,17.729999542236328,2017.5423583984375
699,-5.541999816894531,18.35466766357422,2020.986328125
700,-4.785333156585693,18.003665924072266,2023.61669921875
701,-3.9260001182556152,18.551666259765625,2025.0250244140625
702,-4.762666702270508,19.06566619873047,2028.33935546875
703,-5.428999900817871,19.34833335876465,2031.2257080078125
704,-5.307333469390869,20.225666046142578,2034.2449951171875
705,-5.248000144958496,19.630666732788086,2037.705322265625
706,-4.965000152587891,20.08133316040039,2040.7440185546875
707,-4.932666778564453,20.597999572753906,2043.741943359375
708,-4.799333095550537,20.735334396362305,2046.97802734375
709,-5.62166690826416,21.650333404541016,2050.082275390625
710,-6.309666633605957,22.378000259399414,2052.53564453125
711,-7.145666599273682,22.393665313720703,2055.96826171875
712,-7.301666736602783,21.90399932861328,2059.1650390625
713,-7.228000164031982,21.878665924072266,2061.58935546875
714,-7.638999938964844,21.3439998626709,2064.94970703125
715,-8.635333061218262,20.80500030517578,2068.01171875
716,-8.758000373840332,20.554332733154297,2071.102294921875
717,-7.74566650390625,20.41033363342285,2074.278076171875
718,-7.061666488647461,19.96700096130371,2077.089599609375
719,-6.889666557312012,19.55033302307129,2080.348388671875
720,-6.520999908447266,20.070667266845703,2082.95166015625
721,-5.725333213806152,19.143667221069336,2086.3740234375
722,-5.37066650390625,18.286666870117188,2088.250732421875
723,-4.072666645050049,17.993000030517578,2091.186767578125
724,-2.9140000343322754,18.281665802001953,2094.516845703125
725,-2.315000057220459,18.47800064086914,2097.106201171875
726,-2.546999931335449,18.3700008392334,2100.550048828125
727,-3.012333393096924,18.606666564941406,2103.5634765625
728,-3.325000047683716,19.66633415222168,2106.449951171875
729,-2.1059999465942383,18.42133331298828,2109.029052734375
730,-2.0893332958221436,18.108333587646484,2111.35302734375
731,-2.441999912261963,18.036333084106445,2113.982666015625
732,-2.241999864578247,16.91433334350586,2117.181884765625
733,-2.1073334217071533,15.405667304992676,2119.921630859375
734,-2.31166672706604,14.965666770935059,2122.8583984375
735,-1.996333360671997,14.546333312988281,2126.300537109375
736,-1.6920000314712524,13.53499984741211,2129.41943359375
737,-1.6449999809265137,12.512332916259766,2131.583740234375
738,-1.6246665716171265,12.03499984741211,2135.0
739,-0.9609999656677246,11.39466667175293,2137.869873046875
740,-0.2199999988079071,10.794333457946777,2140.126708984375
741,-0.37299999594688416,11.015999794006348,2143.248046875
742,0.6676666140556335,11.119333267211914,2146.282470703125
743,0.2486666887998581,10.402999877929688,2148.710205078125
744,0.4036666452884674,10.079667091369629,2152.308349609375
745,1.3179999589920044,10.96066665649414,2155.158935546875
746,1.252333402633667,11.779000282287598,2157.906982421875
747,0.5199999809265137,11.439666748046875,2160.83740234375
748,-0.12866665422916412,12.559000015258789,2164.330322265625
749,0.8416666984558105,13.58133316040039,2166.695556640625
750,-0.07333330065011978,13.761666297912598,2170.076416015625
751,-0.7553333640098572,13.449000358581543,2173.06298828125
752,-1.215000033378601,12.830999374389648,2175.89453125
753,-0.6499999761581421,12.810333251953125,2179.338134765625
754,-0.5403333306312561,11.672666549682617,2182.027099609375
755,-1.4256665706634521,10.522333145141602,2183.92724609375
756,-1.5049999952316284,9.864999771118164,2187.090087890625
757,-1.2526665925979614,9.719666481018066,2190.245361328125
758,0.09600001573562622,8.673666954040527,2192.7294921875
759,0.23533344268798828,8.027666091918945,2196.127685546875
760,1.404333233833313,7.672666549682617,2199.312744140625
761,1.243666648864746,7.1623334884643555,2201.4990234375
762,1.2829999923706055,7.512332916259766,2204.422119140625
763,2.626666784286499,7.730666637420654,2207.416259765625
764,2.7313332557678223,7.413666725158691,2210.25390625
765,2.4046666622161865,7.679999828338623,2213.479736328125
766,3.055333375930786,8.604000091552734,2216.34033203125
767,2.9566667079925537,9.121000289916992,2219.546630859375
768,2.4126665592193604,8.83133316040039,2222.63037109375
769,1.909000039100647,9.017333030700684,2225.847412109375
770,1.9259999990463257,9.607999801635742,2228.365478515625
771,2.1130001544952393,8.987667083740234,2231.641357421875
772,1.4079999923706055,7.72933292388916,2234.664306640625
773,1.4850000143051147,7.934666633605957,2236.899169921875
774,1.780333399772644,7.044333457946777,2239.87841796875
775,0.8270000219345093,6.093999862670898,2242.884521484375
776,0.007666627410799265,5.557333469390869,2245.346435546875
777,0.10099998861551285,4.984333038330078,2248.43408203125
778,-0.304333359003067,4.248666763305664,2251.510009765625
779,-0.1499999761581421,3.683333396911621,2254.42724609375
780,0.6816666722297668,2.5840001106262207,2256.89599609375
781,1.5603333711624146,2.005333185195923,2260.329345703125
782,1.743333339691162,1.217666745185852,2262.587890625
783,1.3776665925979614,2.2070000171661377,2265.737060546875
784,1.7313332557678223,2.320333242416382,2269.134765625
785,2.128999948501587,1.309999942779541,2271.2490234375
786,1.4170000553131104,2.2236666679382324,2274.372802734375
787,1.0026665925979614,3.2206666469573975,2277.64501953125
788,0.7590000629425049,3.822666645050049,2280.280029296875
789,-0.16700005531311035,4.2270002365112305,2283.846435546875
790,-0.5203332901000977,4.357666492462158,2286.2880859375
791,-0.09733332693576813,4.743666648864746,2288.711669921875
792,0.5029999613761902,3.616333246231079,2291.48876953125
793,0.22733336687088013,1.7736666202545166,2294.599365234375
794,-0.6533333659172058,2.138000011444092,2296.54638671875
795,-0.562666654586792,2.053333282470703,2300.1416015625
796,-0.19566665589809418,1.2933332920074463,2303.31005859375
797,-0.36399999260902405,0.20766663551330566,2305.43896484375
798,0.10499993711709976,-0.4740000367164612,2308.82421875
799,0.8446667194366455,-1.406333327293396,2311.61376953125
800,1.3263334035873413,-1.8916667699813843,2313.32666015625
801,1.403666615486145,-1.4579999446868896,2316.531982421875
802,1.7316665649414063,-1.1473333835601807,2319.80029296875
803,2.885666608810425,-0.873333215713501,2322.503662109375
804,2.5190000534057617,-1.6113333702087402,2325.9345703125
805,3.1510000228881836,-1.0693333148956299,2328.583740234375
806,3.9216666221618652,-0.4050000011920929,2331.00537109375
807,4.326666831970215,-0.675000011920929,2334.19091796875
808,3.4536666870117188,-0.5343334078788757,2337.513916015625
809,3.482333183288574,0.1186666488647461,2339.9990234375
810,3.877333402633667,-0.0793333351612091,2343.432373046875
811,3.1693334579467773,-0.2939999997615814,2346.677734375
812,2.952333450317383,0.30300000309944153,2348.49755859375
813,3.4693334102630615,0.21299998462200165,2351.950927734375
814,3.0296666622161865,-0.03200002387166023,2354.651123046875
815,2.498333215713501,0.17566673457622528,2357.873046875
816,2.5503334999084473,-0.3186667263507843,2360.71337890625
817,1.9839999675750732,-0.7113333940505981,2363.92822265625
818,1.5646666288375854,-0.9023333191871643,2366.59521484375
819,1.7780001163482666,-0.7229999899864197,2369.959716796875
820,2.5323333740234375,-0.597000002861023,2373.488037109375
821,2.629333257675171,-0.9086666703224182,2376.125
822,3.2226667404174805,-0.16899995505809784,2379.25341796875
823,4.8376665115356445,-0.2396666556596756,2382.3115234375
824,5.5970001220703125,-1.4249999523162842,2384.7880859375
825,5.913333415985107,-0.27633336186408997,2388.148681640625
826,6.656000137329102,1.3370000123977661,2390.3427734375
827,7.094333648681641,1.465666651725769,2393.298583984375
828,6.201333522796631,0.7456666827201843,2396.00244140625
829,5.297333240509033,1.4593333005905151,2399.40234375
830,6.461666584014893,3.066333293914795,2400.98974609375
831,6.2773332595825195,2.9843332767486572,2404.0029296875
832,6.381333351135254,2.6003334522247314,2407.142578125
833,6.052333354949951,2.740999937057495,2409.9130859375
834,5.49399995803833,2.4790000915527344,2413.208984375
835,5.033999919891357,3.1633334159851074,2415.590087890625
836,5.066333293914795,2.500999927520752,2418.36474609375
837,5.333666801452637,2.1036667823791504,2421.61279296875
838,4.720666885375977,2.006666660308838,2424.938720703125
839,4.763999938964844,1.534666657447815,2427.61181640625
840,5.341000080108643,1.1946666240692139,2430.899658203125
841,4.047666549682617,0.7990000247955322,2433.890625
842,4.410999774932861,2.1616666316986084,2436.984619140625
843,5.113333702087402,1.8716667890548706,2440.144775390625
844,5.9670000076293945,2.0333333015441895,2442.0927734375
845,6.860333442687988,3.3259999752044678,2444.531005859375
846,6.883666515350342,3.450666904449463,2447.802734375
847,6.163333415985107,3.9756667613983154,2450.830322265625
848,5.826333522796631,4.608666896820068,2453.144287109375
849,5.154333591461182,4.864333152770996,2456.358642578125
850,4.749666690826416,5.674666404724121,2459.6279296875
851,5.398333549499512,5.9636664390563965,2462.344482421875
852,5.2826666831970215,6.925000190734863,2465.213623046875
853,3.618000030517578,7.718999862670898,2467.817626953125
854,2.7249999046325684,8.690333366394043,2470.353759765625
855,3.185333251953125,8.513667106628418,2473.539794921875
856,2.5986666679382324,7.375999927520752,2476.750732421875
857,2.4060001373291016,7.005333423614502,2479.473388671875
858,2.7170000076293945,7.585000038146973,2482.591796875
859,3.2070000171661377,7.256666660308838,2485.904052734375
860,2.1110000610351563,6.828333377838135,2488.056884765625
861,2.496333360671997,7.674999713897705,2491.22509765625
862,3.6459999084472656,7.072333335876465,2494.276611328125
863,3.9140000343322754,6.620666980743408,2497.130859375
864,3.692333221435547,7.495999813079834,2500.267822265625
865,4.077666759490967,8.425000190734863,2503.297119140625
866,4.51533317565918,8.858333587646484,2505.3857421875
867,4.433333396911621,9.277999877929688,2508.33740234375
868,4.566333293914795,10.521666526794434,2511.404052734375
869,4.6539998054504395,10.946333885192871,2514.120361328125
870,4.171666622161865,11.196666717529297,2517.29296875
871,4.110333442687988,11.784000396728516,2520.431640625
872,3.817666530609131,12.300000190734863,2523.50634765625
873,3.482333183288574,12.202666282653809,2526.774658203125
874,2.43500018119812,11.677000045776367,2530.107666015625
875,2.1389999389648438,11.267666816711426,2531.81884765625
876,1.725333333015442,10.861333847045898,2534.992919921875
877,1.941666603088379,10.251999855041504,2537.531005859375
878,1.5516666173934937,9.886666297912598,2539.368896484375
879,1.527666687965393,9.60633373260498,2542.86328125
880,2.0263333320617676,8.852333068847656,2545.694091796875
881,1.36899995803833,7.801666736602783,2548.5810546875
882,1.2050000429153442,7.9639997482299805,2551.855224609375
883,1.561000108718872,7.74566650390625,2554.30322265625
884,1.4876666069030762,7.487667083740234,2557.668212890625
885,1.9613333940505981,8.062333106994629,2560.456787109375
886,3.070333242416382,7.666333198547363,2563.4306640625
887,2.6003332138061523,8.715332984924316,2566.470703125
888,2.4179999828338623,8.685333251953125,2569.0400390625
889,2.43666672706604,8.78600025177002,2572.7333984375
890,2.6583333015441895,8.900333404541016,2575.194091796875
891,1.6729998588562012,8.630666732788086,2578.61181640625
892,0.4950000047683716,8.9486665725708,2581.555419921875
893,-0.2879999876022339,9.251999855041504,2583.84326171875
894,0.050666648894548416,9.125333786010742,2586.416015625
895,-0.41866669058799744,9.268333435058594,2589.5673828125
896,-0.8449999690055847,9.18066692352295,2592.223388671875
897,-1.066999912261963,9.665666580200195,2595.513427734375
898,-0.5843333601951599,9.36199951171875,2598.75439453125
899,-0.29966670274734497,9.713666915893555,2601.542724609375
900,-0.6523333191871643,10.26866626739502,2604.904052734375
901,-1.6303333044052124,9.084667205810547,2607.90283203125
902,-1.722333312034607,8.944000244140625,2609.98876953125
903,-1.056333303451538,9.267999649047852,2612.98291015625
904,-0.4723333716392517,8.779000282287598,2615.9296875
905,0.04533333703875542,8.754666328430176,2618.508544921875
906,0.08800002187490463,9.363666534423828,2621.834716796875
907,0.19366668164730072,10.057000160217285,2624.562744140625
908,0.20666663348674774,10.885000228881836,2627.5927734375
909,-0.4509999454021454,12.10200023651123,2630.663330078125
910,-1.1543333530426025,12.380000114440918,2633.262451171875
911,-1.1293333768844604,12.458333015441895,2635.62841796875
912,-1.3823331594467163,12.050666809082031,2638.27294921875
913,-2.0220000743865967,12.90233325958252,2641.686279296875
914,-2.306666612625122,13.206666946411133,2644.78076171875
915,-2.812000036239624,12.716333389282227,2647.751953125
916,-3.693666696548462,12.783666610717773,2650.895263671875
917,-4.672666549682617,13.357999801635742,2653.24462890625
918,-4.573666572570801,12.27733325958252,2655.7099609375
919,-4.430333137512207,11.836000442504883,2658.861083984375
920,-4.784333229064941,12.001667022705078,2661.7255859375
921,-3.882999897003174,12.404999732971191,2664.96533203125
922,-2.986666679382324,11.689000129699707,2668.28857421875
923,-3.815333366394043,10.592333793640137,2670.740234375
924,-4.255666732788086,11.736666679382324,2672.98876953125
925,-3.378999948501587,12.225666999816895,2676.135498046875
926,-2.9116666316986084,12.526000022888184,2678.090087890625
927,-2.6396665573120117,13.680333137512207,2680.70361328125
928,-1.5130000114440918,15.179666519165039,2683.050048828125
929,0.5586667060852051,14.282999992370605,2685.052978515625
930,-0.4886665940284729,14.890000343322754,2688.53369140625
931,-0.7126666903495789,14.576666831970215,2691.649658203125
932,-0.7876667380332947,15.445666313171387,2694.937255859375
933,-0.8363333344459534,16.01300048828125,2697.72705078125
934,-1.4679999351501465,15.605667114257813,2701.26904296875
935,-1.7356666326522827,16.96500015258789,2703.578125
936,-0.6633333563804626,17.61566734313965,2707.021728515625
937,-0.2473333328962326,17.941667556762695,2710.344482421875
938,0.12433332204818726,17.685667037963867,2712.943359375
939,-0.1876666396856308,18.621334075927734,2716.459228515625
940,-1.1549999713897705,18.860334396362305,2719.336669921875
941,-1.0493333339691162,19.277999877929688,2722.05517578125
942,-1.2293334007263184,18.685667037963867,2724.739501953125
943,-1.5823333263397217,17.614334106445313,2728.090576171875
944,-1.4416667222976685,17.404333114624023,2731.0712890625
945,-0.5526666641235352,18.087665557861328,2734.4423828125
946,-0.6833333373069763,18.14900016784668,2737.69189453125
947,-1.1676666736602783,18.799667358398438,2740.509033203125
948,-0.765666663646698,18.742332458496094,2744.111572265625
949,0.10866665840148926,18.000999450683594,2746.978759765625
950,1.1443333625793457,17.95166778564453,2750.05029296875
951,0.9533333778381348,17.635334014892578,2753.55126953125
952,1.9830000400543213,18.34866714477539,2756.8759765625
953,2.318333387374878,17.29133415222168,2759.14306640625
954,1.837999939918518,17.411334991455078,2762.460205078125
955,1.6123332977294922,17.492000579833984,2765.770263671875
956,1.9863332509994507,18.764333724975586,2768.070556640625
957,2.9260001182556152,18.94499969482422,2771.2978515625
958,3.1430001258850098,18.097667694091797,2774.56298828125
959,2.4489998817443848,17.903667449951172,2776.6005859375
960,2.7286667823791504,17.10300064086914,2779.687255859375
961,2.7646665573120117,15.86199951171875,2782.68701171875
962,2.4096667766571045,13.866000175476074,2784.353759765625
963,2.8466665744781494,12.888333320617676,2787.76806640625
964,3.569666624069214,12.012666702270508,2790.49365234375
965,3.2066667079925537,10.915666580200195,2791.942626953125
966,3.817333221435547,11.093667030334473,2795.5400390625
967,4.39633321762085,9.614999771118164,2798.416015625
968,5.389333248138428,9.180999755859375,2801.166015625
969,5.184666633605957,9.397333145141602,2804.116943359375
970,5.228000164031982,9.128334045410156,2806.899658203125
971,5.018333435058594,9.386667251586914,2810.052978515625
972,5.205999851226807,9.270000457763672,2812.73681640625
973,5.360000133514404,9.942999839782715,2815.820068359375
974,5.009666919708252,10.435333251953125,2818.044921875
975,4.758666515350342,9.96166706085205,2821.277099609375
976,3.8600001335144043,10.48033332824707,2824.331298828125
977,4.335999965667725,11.411333084106445,2826.8173828125
978,4.135666847229004,10.792333602905273,2829.999267578125
979,3.57366681098938,10.737333297729492,2833.39697265625
980,3.871333360671997,10.27633285522461,2836.009521484375
981,4.510666847229004,9.318333625793457,2839.168701171875
982,4.863333702087402,9.439000129699707,2842.245361328125
983,4.538333415985107,9.493666648864746,2844.79931640625
984,4.576666831970215,8.552000045776367,2847.87939453125
985,4.5333333015441895,7.447000026702881,2850.9599609375
986,5.2133331298828125,7.492666721343994,2853.123046875
987,6.4073333740234375,7.013333320617676,2856.6455078125
988,5.863999843597412,6.5233330726623535,2859.154052734375
989,6.742000102996826,6.051000118255615,2861.913330078125
990,7.214666843414307,5.785333633422852,2864.99609375
991,8.297333717346191,4.738666534423828,2867.981201171875
992,8.666333198547363,4.0416669845581055,2870.67041015625
993,8.336666107177734,4.556333541870117,2873.589599609375
994,9.272000312805176,4.814999580383301,2876.646728515625
995,9.645333290100098,5.25766658782959,2879.294921875
996,9.600333213806152,5.22866678237915,2882.612060546875
997,9.156999588012695,6.316999912261963,2885.43896484375
998,8.641666412353516,7.130332946777344,2888.35205078125
999,8.375333786010742,7.072999954223633,2891.69873046875
1000,7.813000202178955,7.159999847412109,2895.04443359375
1001,8.235333442687988,7.530333042144775,2897.579345703125
1002,8.085332870483398,7.016666412353516,2900.872314453125
1003,7.589333534240723,6.503999710083008,2903.56005859375
1004,6.951000213623047,6.611999988555908,2905.943603515625
1005,6.965666770935059,6.573333740234375,2909.310791015625
1006,6.76099967956543,5.249666690826416,2912.510009765625
1007,7.945666790008545,4.229333400726318,2914.758544921875
1008,7.600333213806152,4.076666831970215,2918.0966796875
1009,8.46066665649414,3.6089999675750732,2921.147705078125
1010,8.477999687194824,2.759999990463257,2923.0322265625
1011,7.529666423797607,2.8239998817443848,2926.335205078125
1012,7.994999885559082,2.952000141143799,2929.3779296875
1013,9.340333938598633,2.865000009536743,2931.494140625
1014,10.323333740234375,2.5246667861938477,2934.822021484375
1015,11.220000267028809,2.6440000534057617,2937.764404296875
1016,11.464667320251465,2.42633318901062,2940.58154296875
1017,11.055000305175781,1.6486666202545166,2943.900390625
1018,10.581999778747559,2.1413333415985107,2947.329345703125
1019,11.351666450500488,2.7330000400543213,2949.658935546875
1020,11.642333984375,1.7300001382827759,2952.9482421875
1021,12.327333450317383,1.6956666707992554,2956.424560546875
1022,11.193666458129883,1.3639999628067017,2958.909423828125
1023,10.682666778564453,0.4906667172908783,2962.15625
1024,11.59333324432373,-0.37199997901916504,2965.357421875
1025,11.793333053588867,0.46566662192344666,2968.52734375
1026,12.881333351135254,-0.48799994587898254,2971.9599609375
1027,8.050000190734863,1.6675000190734863,2969.738525390625
1028,8.506500244140625,2.1670000553131104,2973.056640625
1029,7.2220001220703125,2.2644999027252197,2975.827392578125
1030,6.4664998054504395,3.2105000019073486,2979.27099609375
1031,6.475499629974365,3.48799991607666,2981.904052734375
1032,7.224999904632568,3.9235000610351563,2985.050537109375
1033,9.271499633789063,2.3385000228881836,2987.60791015625
1034,9.306999206542969,1.7645000219345093,2991.37353515625
1035,10.559000015258789,-0.3879999816417694,2994.12255859375
1036,10.14050006866455,-0.9494999647140503,2997.633544921875
1037,11.09000015258789,-2.8585000038146973,3000.6328125
1038,11.243000030517578,-2.565000057220459,3003.8310546875
1039,10.635000228881836,-1.9679999351501465,3007.052490234375
1040,10.145000457763672,-4.763999938964844,3009.06103515625
1041,10.402000427246094,-5.691499710083008,3010.987060546875
1042,11.322500228881836,-5.26200008392334,3014.50830078125
1043,10.781499862670898,-4.104000091552734,3015.0439453125
1044,9.07349967956543,-2.2035000324249268,3013.60791015625
1045,9.829500198364258,-2.1659998893737793,3010.589111328125
1046,10.333000183105469,-1.3269999027252197,3007.25
1047,10.670999526977539,-1.5439999103546143,3004.0234375
1048,11.03849983215332,-0.6705001592636108,3001.303466796875
1049,11.503499984741211,-1.1014999151229858,2997.80859375
1050,11.106499671936035,-0.4249999523162842,2994.1728515625
1051,10.116999626159668,-0.1055002212524414,2991.720458984375
1052,8.809999465942383,1.6414999961853027,2988.85888671875
1053,9.869999885559082,0.9610000252723694,2986.199462890625
1054,9.916500091552734,0.312999963760376,2983.83740234375
