1.000000,-11.344000,20.398001,10.958334
2.000000,-10.365334,18.720001,13.726000
3.000000,-11.756666,19.389668,16.757000
4.000000,-10.828000,17.535000,19.568335
5.000000,-11.194000,17.177000,22.681000
6.000000,-11.606334,16.407000,26.026333
7.000000,-10.900333,18.112999,29.216000
8.000000,-11.965333,17.444000,32.326668
9.000000,-11.925333,18.355333,35.453335
10.000000,-12.507667,18.740667,38.901333
11.000000,-12.023666,18.223667,41.978001
12.000000,-12.399667,17.772667,45.233665
13.000000,-12.862000,17.882000,48.349667
14.000000,-11.817333,17.487333,51.709000
15.000000,-12.165000,16.605000,54.966667
16.000000,-12.828667,17.748667,57.454330
17.000000,-12.491667,17.778999,61.076336
18.000000,-12.078667,16.930666,63.828667
19.000000,-11.455334,15.633667,66.250336
20.000000,-11.347000,14.785334,68.769669
21.000000,-10.901333,14.716333,72.156334
22.000000,-10.874001,13.858666,74.698334
23.000000,-10.300000,13.429667,77.531334
24.000000,-9.740000,13.871667,80.888000
25.000000,-8.079333,12.257000,83.457664
26.000000,-7.342667,10.332666,85.326004
27.000000,-7.161334,9.562333,87.834335
28.000000,-6.234334,9.817333,91.394997
29.000000,-5.236667,9.124001,93.582001
30.000000,-5.129333,10.420333,96.926003
31.000000,-5.008000,10.642667,99.819000
32.000000,-4.198000,10.612000,102.283005
33.000000,-4.996667,10.050667,105.617996
34.000000,-5.354667,10.903666,108.827332
35.000000,-5.300333,11.456667,111.450668
36.000000,-6.125333,10.098333,114.478333
37.000000,-6.614334,9.061333,117.266998
38.000000,-6.229333,8.585334,120.263672
39.000000,-5.766334,8.374333,123.123001
40.000000,-4.655000,7.208000,126.096001
41.000000,-4.720666,6.869333,128.602661
42.000000,-4.224667,6.545333,131.729996
43.000000,-3.591667,5.381333,134.864670
44.000000,-3.038333,4.946667,137.306671
45.000000,-2.657000,4.893333,140.609665
46.000000,-2.015333,4.386667,143.555328
47.000000,-1.449000,4.200667,145.513000
48.000000,-2.284333,4.446667,148.963669
49.000000,-1.923667,4.594667,151.985336
50.000000,-1.149333,4.559667,154.717667
51.000000,-0.915667,3.623667,157.899338
52.000000,-2.192000,5.058000,160.884995
53.000000,-1.416667,5.344000,163.582993
54.000000,-1.702000,4.918000,166.876663
55.000000,-2.679667,5.223667,170.188339
56.000000,-2.746667,5.915333,172.683670
57.000000,-3.312000,5.696667,176.196671
58.000000,-4.424666,5.161667,178.657333
59.000000,-5.045667,5.077667,181.291336
60.000000,-4.704333,5.393333,184.388672
61.000000,-5.915000,4.364666,187.483994
62.000000,-7.205000,5.558333,190.029999
63.000000,-6.613667,5.165000,193.520676
64.000000,-5.424000,4.775000,196.444672
65.000000,-5.247667,4.151667,198.345337
66.000000,-5.000667,3.786333,201.889664
67.000000,-3.912333,4.035666,204.748672
68.000000,-2.934333,3.500000,206.996994
69.000000,-2.560000,3.735667,210.662003
70.000000,-2.713333,4.200334,213.548340
71.000000,-2.879667,4.410000,216.763000
72.000000,-3.768000,3.761000,219.786331
73.000000,-3.851333,5.068666,222.565002
74.000000,-3.573334,5.206666,225.057007
75.000000,-4.125667,4.278333,228.053329
76.000000,-5.099667,4.213333,231.186340
77.000000,-5.467000,3.543667,233.425003
78.000000,-4.976000,3.211000,236.723663
79.000000,-4.969333,2.782000,239.899338
80.000000,-4.612667,1.423000,242.403336
81.000000,-3.863333,0.857667,244.848663
82.000000,-2.860667,-0.589667,247.527664
83.000000,-2.841333,-1.716667,249.940994
84.000000,-2.000000,-2.007000,253.489990
85.000000,-0.618333,-3.110333,256.210999
86.000000,-1.118000,-3.811000,258.468994
87.000000,-0.727333,-3.464333,261.519348
88.000000,0.755667,-3.051000,264.342651
89.000000,1.608333,-3.635333,267.173676
90.000000,1.375667,-3.916000,270.185669
91.000000,1.651667,-3.490667,273.462006
92.000000,2.390333,-3.791667,276.148682
93.000000,2.195333,-5.103667,278.952332
94.000000,1.872667,-4.769333,282.480682
95.000000,1.759333,-4.888333,284.377655
96.000000,1.736000,-5.049000,287.787018
97.000000,0.999667,-4.364667,290.889008
98.000000,0.780667,-3.795333,293.885010
99.000000,0.816333,-3.984334,297.187012
100.000000,-0.480333,-4.275333,299.845337
101.000000,-0.995667,-4.299667,302.527679
102.000000,-0.491333,-4.376333,305.923340
103.000000,-0.302667,-4.979667,308.943665
104.000000,-0.626000,-4.376333,311.811005
105.000000,-0.698333,-4.083667,314.882324
106.000000,-1.289333,-4.917666,318.228333
107.000000,-1.318000,-4.583333,320.734009
108.000000,-1.207333,-3.816000,323.669678
109.000000,-0.588667,-3.700333,327.210327
110.000000,-0.786667,-3.745000,330.307678
111.000000,-0.431667,-3.188333,333.575989
112.000000,0.973667,-3.599000,336.320343
113.000000,0.870667,-4.248000,339.300018
114.000000,0.617333,-2.351333,342.256317
115.000000,0.190667,-1.834667,345.245667
116.000000,0.411333,-1.110333,348.085327
117.000000,0.149667,-0.911667,351.505676
118.000000,0.826000,-0.615667,354.582672
119.000000,1.212000,-0.721333,357.167328
120.000000,1.459333,-0.269333,360.010681
121.000000,1.320333,1.269000,362.824005
122.000000,1.110333,0.994667,365.161011
123.000000,0.888000,1.041667,368.521332
124.000000,-1.312000,1.421000,370.748016
125.000000,-1.887333,1.454333,372.623322
126.000000,-1.201333,1.047667,375.809326
127.000000,-0.760000,0.658667,378.713348
128.000000,-0.113333,0.663333,381.492004
129.000000,0.084333,1.028667,384.499329
130.000000,1.215667,0.084000,387.613678
131.000000,0.191667,-0.684333,390.235657
132.000000,0.395333,-0.102333,393.792328
133.000000,2.278333,-1.319000,396.602325
134.000000,2.871667,-2.264333,398.934998
135.000000,2.931667,-1.009667,402.308014
136.000000,3.273667,-1.167333,404.957672
137.000000,2.206333,-0.005333,407.411987
138.000000,1.612333,-0.037667,410.368988
139.000000,1.337333,0.751333,413.668671
140.000000,0.959667,1.612000,415.901337
141.000000,0.722000,0.920000,419.085999
142.000000,-0.640000,1.679000,422.182007
143.000000,-0.631333,2.588666,425.087006
144.000000,-0.568000,2.707334,428.620331
145.000000,-1.441667,1.337333,431.466675
146.000000,-1.855667,1.384000,433.621338
147.000000,-1.560333,0.839000,437.053345
148.000000,-1.774667,0.394333,440.311340
149.000000,-2.261667,0.531000,442.975006
150.000000,-1.538667,0.861333,446.093994
151.000000,-1.269333,-0.352000,449.324005
152.000000,-2.542000,-0.675667,451.475677
153.000000,-2.485000,-0.716000,454.805664
154.000000,-1.940667,-0.324000,457.595673
155.000000,-1.095667,-0.454000,460.353333
156.000000,-0.561667,0.306667,463.532990
157.000000,-1.032000,1.018667,466.191345
158.000000,-0.920333,1.965000,468.498993
159.000000,-1.105333,3.041000,471.553986
160.000000,-1.161333,4.133333,474.092346
161.000000,-1.460667,4.982666,476.118988
162.000000,-1.407333,5.053333,479.378021
163.000000,-1.197667,5.697667,482.246002
164.000000,-0.988667,6.740334,484.795349
165.000000,-0.255333,7.070333,487.593018
166.000000,-0.731333,7.669667,490.726349
167.000000,-1.864667,8.017000,493.080994
168.000000,-1.752333,8.012334,496.345001
169.000000,-1.926000,7.306667,499.906342
170.000000,-2.514667,7.843000,502.047333
171.000000,-1.340333,8.264667,505.192657
172.000000,-0.187667,7.896000,507.910339
173.000000,0.812667,7.817333,510.888672
174.000000,2.035667,8.430667,513.712646
175.000000,3.051667,9.126333,516.351990
176.000000,3.398667,9.502666,518.842346
177.000000,4.188667,10.292666,521.820984
178.000000,6.460667,11.169666,523.364319
179.000000,7.721334,11.474999,526.586670
180.000000,7.168000,11.499000,529.331665
181.000000,8.234000,13.030666,532.280334
182.000000,8.948334,14.214000,534.328674
183.000000,8.943334,15.258667,537.375671
184.000000,8.309334,15.762333,540.505676
185.000000,7.630333,15.588333,543.218018
186.000000,7.121333,15.555000,546.541321
187.000000,6.344333,15.762334,549.916687
188.000000,6.210667,16.490334,552.760010
189.000000,6.471000,16.461000,556.200989
190.000000,5.257333,16.212334,559.381348
191.000000,4.718000,15.534000,561.808655
192.000000,4.965000,14.899000,565.165649
193.000000,4.867667,14.869333,567.889648
194.000000,4.505667,14.167000,570.588989
195.000000,4.117000,13.907333,573.926331
196.000000,4.433667,14.127334,577.269348
197.000000,5.802667,14.276334,579.166321
198.000000,5.034333,15.009666,582.210999
199.000000,6.456000,14.956667,585.268311
200.000000,7.082334,14.449667,588.336975
201.000000,5.750333,13.969000,591.550964
202.000000,5.366667,14.638333,594.945312
203.000000,5.255000,15.247334,596.945679
204.000000,4.900667,16.400000,599.769653
205.000000,3.335333,16.404999,602.959656
206.000000,2.776000,17.021666,605.052673
207.000000,2.487334,16.793333,608.583984
208.000000,2.714333,16.208668,611.750305
209.000000,1.974333,16.044666,614.529663
210.000000,1.924333,16.376333,618.059631
211.000000,1.573333,15.857667,621.533691
212.000000,1.570333,15.617666,623.857361
213.000000,2.367333,15.873000,626.994324
214.000000,2.527333,15.580000,630.112671
215.000000,2.588667,15.433333,632.726990
216.000000,2.591667,16.379667,636.025024
217.000000,3.303667,15.782667,638.621338
218.000000,3.442000,15.736667,642.132690
219.000000,2.482666,16.917334,645.103638
220.000000,3.699667,17.412001,648.392029
221.000000,5.353000,17.435667,650.398010
222.000000,6.121333,18.514999,653.477356
223.000000,5.945667,19.850334,656.341980
224.000000,7.212000,20.728001,659.002991
225.000000,7.128334,21.368000,661.936340
226.000000,6.047667,22.240000,664.783020
227.000000,5.362667,23.535334,666.824341
228.000000,6.332333,22.643667,669.974304
229.000000,6.274333,22.564001,673.046326
230.000000,5.873333,22.614666,675.289978
231.000000,6.368333,22.279667,678.671997
232.000000,6.290667,22.122334,681.785339
233.000000,5.930000,22.510000,683.945007
234.000000,6.029333,23.063000,687.070007
235.000000,6.427000,22.666000,690.098328
236.000000,7.252000,22.105333,692.815308
237.000000,7.966000,21.517000,696.255981
238.000000,8.274333,21.577000,698.711670
239.000000,7.020333,21.766666,701.788025
240.000000,7.083667,22.158333,704.913635
241.000000,8.206666,21.785999,707.317688
242.000000,9.548000,21.256666,710.327332
243.000000,8.893666,21.546667,713.414978
244.000000,9.510333,22.218666,716.817322
245.000000,10.254000,22.162666,719.309021
246.000000,9.646999,21.429667,722.434631
247.000000,9.325000,22.314333,725.623657
248.000000,9.491333,22.778000,728.192017
249.000000,8.865666,22.712999,731.327637
250.000000,7.748667,22.974667,734.458008
251.000000,7.296333,22.919666,736.608643
252.000000,7.578667,22.156666,739.795654
253.000000,7.863667,21.056999,742.910339
254.000000,8.327000,20.988333,745.287659
255.000000,8.600667,20.261000,748.516663
256.000000,8.402667,19.627333,751.487671
257.000000,8.871333,18.638000,754.449341
258.000000,9.571000,18.357000,757.456360
259.000000,11.041667,16.714001,759.756348
260.000000,11.784667,16.172001,761.988342
261.000000,12.335334,16.176001,764.686646
262.000000,13.084333,16.402000,768.132324
263.000000,13.668000,15.843000,770.917664
264.000000,12.866334,15.430000,774.082642
265.000000,13.296667,16.313999,777.630310
266.000000,14.299334,16.716000,780.106018
267.000000,13.658333,16.963001,783.566345
268.000000,13.168333,17.375666,786.447021
269.000000,12.869666,16.962667,789.570679
270.000000,13.296000,15.658667,792.539673
271.000000,12.902667,15.265334,796.028015
272.000000,12.615334,15.521667,798.004028
273.000000,12.426666,14.381333,801.372009
274.000000,11.963333,14.876334,803.904663
275.000000,12.639334,13.933333,806.783691
276.000000,12.745000,13.341333,809.646973
277.000000,11.897333,13.994000,812.705994
278.000000,13.039000,13.575666,815.927002
279.000000,13.658334,12.244333,818.606018
280.000000,14.207000,11.629333,821.562988
281.000000,14.862333,11.849000,823.121338
282.000000,15.222667,11.737666,826.482300
283.000000,16.387001,10.740000,829.540344
284.000000,16.692333,9.594666,832.333008
285.000000,16.651667,9.957666,835.813660
286.000000,16.310333,10.848333,838.877686
287.000000,16.700001,11.153334,841.368347
288.000000,16.507668,10.911333,844.682007
289.000000,16.848000,11.927333,847.796997
290.000000,17.341333,12.654667,850.380371
291.000000,16.687668,12.202666,853.484009
292.000000,16.749001,11.160000,856.594971
293.000000,17.066000,11.730333,859.119019
294.000000,17.223667,11.332333,862.362671
295.000000,16.354334,10.469666,865.276367
296.000000,15.837667,10.327666,868.217957
297.000000,16.022333,9.629333,871.427673
298.000000,16.178667,9.182667,874.304321
299.000000,16.068333,8.566333,876.757996
300.000000,17.118334,7.563000,879.921326
301.000000,17.695999,7.026000,882.378662
302.000000,18.139334,6.768667,885.025696
303.000000,17.501667,6.297000,888.091675
304.000000,17.540667,6.502666,891.460999
305.000000,18.373333,5.855667,894.304993
306.000000,18.233667,5.311333,896.908020
307.000000,19.373333,5.817667,900.161987
308.000000,19.908001,5.891334,902.901001
309.000000,19.222334,5.953000,906.036011
310.000000,19.252001,6.625667,909.249023
311.000000,19.659000,6.862333,911.682983
312.000000,19.369333,6.876333,915.117981
313.000000,19.093000,7.652667,917.776001
314.000000,17.623333,7.315667,919.465332
315.000000,17.492668,6.600000,922.612671
316.000000,17.647667,6.660000,925.729675
317.000000,18.268999,6.402667,928.525330
318.000000,18.663332,4.740000,931.590332
319.000000,19.169666,3.185333,934.351318
320.000000,18.951668,2.963000,936.773315
321.000000,18.931999,3.579333,939.983337
322.000000,19.963333,3.011000,942.995667
323.000000,20.171333,1.810333,945.559326
324.000000,19.920666,2.072333,948.907654
325.000000,20.753334,2.401000,952.301025
326.000000,20.891666,1.758000,954.854675
327.000000,20.998667,2.121333,958.171326
328.000000,21.363333,3.154000,961.519653
329.000000,21.046333,3.210667,963.544983
330.000000,20.157000,4.420000,966.674011
331.000000,20.415333,4.934333,969.349670
332.000000,20.333666,4.906333,971.848999
333.000000,20.562332,4.200667,975.167358
334.000000,20.515333,3.846667,978.452332
335.000000,20.568666,4.608667,980.859680
336.000000,20.858334,4.381333,984.024658
337.000000,20.350666,3.732000,987.473999
338.000000,19.664667,2.977667,990.203979
339.000000,20.011667,2.806333,992.961365
340.000000,19.442667,2.251000,996.310303
341.000000,19.854334,2.259667,998.784668
342.000000,20.812000,1.424667,1001.916992
343.000000,20.807667,1.133333,1004.732666
344.000000,21.015667,1.138667,1007.346680
345.000000,21.053667,1.370333,1010.847046
346.000000,21.408333,1.513333,1013.953674
347.000000,21.479332,1.408333,1017.409668
348.000000,21.337000,1.722667,1020.481995
349.000000,21.576334,2.805667,1023.559021
350.000000,22.139999,3.421000,1025.873657
351.000000,21.470333,2.800333,1029.161621
352.000000,21.400667,3.998333,1031.992310
353.000000,20.828667,5.224000,1034.655029
354.000000,20.874666,5.360333,1037.636353
355.000000,19.640999,5.697000,1040.591675
356.000000,18.578333,6.042000,1042.693359
357.000000,17.868999,6.577333,1046.006958
358.000000,18.852333,6.574000,1049.320312
359.000000,18.346666,5.802667,1050.917603
360.000000,18.697332,6.045000,1054.333008
361.000000,18.222334,5.353000,1057.625732
362.000000,17.952667,5.280000,1060.440674
363.000000,18.521334,5.507000,1063.901978
364.000000,19.192667,5.592000,1066.890381
365.000000,19.737333,6.091333,1069.880371
366.000000,19.641666,6.778333,1073.134644
367.000000,19.620667,6.264333,1076.271973
368.000000,20.616667,6.470334,1079.290039
369.000000,20.529667,6.086333,1082.710327
370.000000,21.987667,7.749333,1085.524658
371.000000,22.698999,7.542667,1088.225708
372.000000,22.544666,9.579667,1091.044067
373.000000,21.939333,10.542000,1093.322021
374.000000,21.482000,11.294000,1095.676392
375.000000,21.022667,11.957666,1099.029297
376.000000,20.606667,13.776999,1101.184937
377.000000,20.843334,14.651999,1103.942993
378.000000,19.850666,15.097667,1105.679321
379.000000,19.316334,16.971333,1108.434692
380.000000,20.595333,17.188000,1111.491699
381.000000,20.067333,17.027332,1114.316040
382.000000,19.368000,18.072666,1117.092407
383.000000,19.422001,17.875334,1119.465332
384.000000,19.127335,17.869999,1122.649658
385.000000,19.781334,17.337999,1126.103638
386.000000,20.255333,17.385334,1128.441284
387.000000,21.565334,17.739332,1131.445068
388.000000,22.193666,17.706667,1134.559326
389.000000,21.679335,17.519333,1137.020020
390.000000,20.534000,18.328333,1139.661011
391.000000,20.241333,19.045334,1143.104370
392.000000,20.420334,19.389334,1145.568970
393.000000,21.229666,20.100666,1148.750977
394.000000,20.793333,20.819666,1151.934082
395.000000,19.970667,22.544333,1154.244995
396.000000,19.426001,23.543667,1157.497314
397.000000,18.584667,23.488667,1160.435669
398.000000,18.046333,23.662666,1162.647949
399.000000,18.233667,23.558332,1165.733276
400.000000,17.378666,23.670334,1169.136597
401.000000,17.188999,23.202333,1171.875977
402.000000,17.292000,23.402668,1175.294312
403.000000,15.916333,23.636000,1178.113647
404.000000,16.277000,23.255333,1180.843018
405.000000,16.827333,23.559334,1184.054932
406.000000,17.411333,23.623667,1187.119629
407.000000,17.166000,23.542334,1189.788330
408.000000,17.797001,23.328333,1192.986328
409.000000,19.191999,24.255333,1195.859619
410.000000,20.197666,24.429001,1198.729370
411.000000,20.670000,25.593000,1202.145020
412.000000,20.862000,26.321333,1205.128296
413.000000,20.570333,27.033001,1208.303711
414.000000,20.209000,27.650667,1211.017700
415.000000,18.930668,28.674000,1214.140625
416.000000,19.290001,29.262333,1216.789673
417.000000,18.351000,29.522001,1219.931030
418.000000,17.184000,30.673332,1222.817017
419.000000,16.690001,31.617001,1225.630371
420.000000,15.868000,31.603001,1229.047729
421.000000,14.632000,31.753666,1232.030029
422.000000,14.102333,32.806335,1234.365967
423.000000,13.212667,32.818001,1237.417358
424.000000,12.060667,31.516666,1240.311035
425.000000,9.802999,32.783669,1242.073364
426.000000,9.143667,33.848667,1245.617310
427.000000,9.132334,32.787331,1248.708618
428.000000,7.706666,31.887333,1251.161377
429.000000,6.591333,33.226334,1253.885986
430.000000,6.955333,33.395000,1257.101929
431.000000,6.756333,32.463333,1259.329346
432.000000,6.236333,32.997665,1262.909302
433.000000,6.008333,32.715668,1265.916992
434.000000,5.053000,33.639000,1269.182983
435.000000,3.911667,34.549335,1271.164673
436.000000,3.213667,35.355000,1274.135620
437.000000,3.676667,35.944000,1276.156616
438.000000,2.878000,36.077000,1279.474976
439.000000,1.231000,36.768665,1281.994629
440.000000,0.111667,37.654667,1283.775269
441.000000,-1.216667,37.797001,1286.593994
442.000000,-3.016000,37.342667,1289.365356
443.000000,-3.782667,36.146332,1290.873047
444.000000,-4.590333,35.375999,1293.791992
445.000000,-5.001000,35.402668,1296.858032
446.000000,-5.203333,36.006668,1298.848022
447.000000,-4.869333,37.234333,1301.994019
448.000000,-4.845667,36.376999,1305.153320
449.000000,-5.705000,36.554001,1307.660645
450.000000,-4.641333,36.735001,1311.042358
451.000000,-3.261333,37.247002,1312.751343
452.000000,-1.479667,37.771667,1314.793335
453.000000,-0.387000,38.984669,1317.796631
454.000000,-0.302333,40.002666,1320.518311
455.000000,-0.230667,40.272999,1323.540649
456.000000,0.135000,39.491333,1325.566650
457.000000,1.015000,41.463333,1328.362305
458.000000,1.500333,41.881332,1331.263672
459.000000,0.724667,42.247669,1334.210938
460.000000,0.751000,42.530334,1337.419067
461.000000,1.319000,42.876999,1340.387939
462.000000,0.698333,42.628998,1343.735718
463.000000,-0.124667,41.284332,1346.352051
464.000000,-0.272333,41.821335,1348.588379
465.000000,0.738667,41.628998,1351.881348
466.000000,0.827000,40.349335,1354.337646
467.000000,0.975333,40.790333,1356.897339
468.000000,0.733000,41.869331,1360.060059
469.000000,1.524333,41.819000,1363.160645
470.000000,1.347000,40.759998,1365.673950
471.000000,1.597000,40.952667,1369.192993
472.000000,2.351333,41.407001,1372.343994
473.000000,2.408333,41.071335,1374.821655
474.000000,1.752000,40.814667,1378.104370
475.000000,2.131000,41.297668,1381.405029
476.000000,2.453333,42.014668,1383.935303
477.000000,2.632333,42.347332,1387.532349
478.000000,2.802667,42.322334,1390.323730
479.000000,1.999667,42.827000,1393.086304
480.000000,2.229333,42.046333,1396.680664
481.000000,1.768667,42.344002,1399.832031
482.000000,1.845333,42.456001,1402.816040
483.000000,1.938333,42.201668,1406.262329
484.000000,1.676000,41.647335,1409.067017
485.000000,1.048333,41.615002,1411.327637
486.000000,1.676333,41.288666,1414.666016
487.000000,2.028333,40.620335,1416.920044
488.000000,2.685000,38.950333,1419.596680
489.000000,2.259000,38.222664,1422.862061
490.000000,2.547000,38.011333,1425.971680
491.000000,2.896333,37.222668,1427.656982
492.000000,3.139333,36.728001,1431.273682
493.000000,4.707666,35.684666,1433.918701
494.000000,5.620667,35.769333,1436.360962
495.000000,4.728000,35.735001,1439.576050
496.000000,4.721334,36.432999,1442.959961
497.000000,5.064667,36.052666,1445.507324
498.000000,4.372667,35.749001,1449.086914
499.000000,3.907333,36.919666,1451.838623
500.000000,4.276333,37.140667,1454.030640
501.000000,4.553667,35.642666,1457.255615
502.000000,4.641667,34.987999,1460.051270
503.000000,4.960333,35.095001,1462.674683
504.000000,5.253333,34.655998,1465.847046
505.000000,4.611333,34.079666,1469.159302
506.000000,4.959333,33.473335,1471.493042
507.000000,5.481333,31.737000,1474.078003
508.000000,5.620667,30.087999,1477.235962
509.000000,6.165000,29.867668,1479.508301
510.000000,6.620333,29.098000,1482.878052
511.000000,7.286667,29.417334,1485.872314
512.000000,7.885667,28.597000,1488.512695
513.000000,8.579667,28.744667,1491.806641
514.000000,9.154333,29.653999,1494.417358
515.000000,9.908000,30.593666,1497.310303
516.000000,10.218333,30.685667,1500.274048
517.000000,9.301667,31.726332,1503.144653
518.000000,8.775333,31.345667,1505.264648
519.000000,9.090667,30.923000,1508.585693
520.000000,8.865666,31.538668,1511.346313
521.000000,8.754000,32.073666,1513.600586
522.000000,9.322000,31.423666,1516.516357
523.000000,8.896333,31.181334,1519.803345
524.000000,8.870000,31.570333,1522.708618
525.000000,8.964000,31.190332,1525.672363
526.000000,8.539000,30.732666,1528.991943
527.000000,8.445333,30.482000,1531.704956
528.000000,9.040000,29.565001,1534.828003
529.000000,9.428333,28.751999,1537.865967
530.000000,9.850000,28.221334,1540.542725
531.000000,10.231667,28.338001,1543.827271
532.000000,10.845333,27.601334,1546.645630
533.000000,11.576333,27.526001,1549.336060
534.000000,11.524667,27.289000,1552.635742
535.000000,11.771333,27.597000,1555.873291
536.000000,12.879000,27.497999,1558.334961
537.000000,13.456667,27.951668,1561.562378
538.000000,13.661667,28.253334,1564.825073
539.000000,12.789333,28.897001,1567.249023
540.000000,11.776000,29.132000,1570.475342
541.000000,10.991667,28.973000,1573.074707
542.000000,10.671667,28.649666,1575.256958
543.000000,11.804334,28.374666,1578.207397
544.000000,11.493667,29.284666,1581.398926
545.000000,11.635333,29.757000,1584.152344
546.000000,12.283667,28.801666,1587.033325
547.000000,10.961333,28.122999,1590.215942
548.000000,10.048333,28.608999,1593.177979
549.000000,10.285000,28.598333,1596.413696
550.000000,10.574667,27.528334,1599.391357
551.000000,11.014000,26.839666,1601.781982
552.000000,11.693334,27.034666,1604.964722
553.000000,12.303666,25.423666,1607.740967
554.000000,11.694667,24.981333,1609.652954
555.000000,11.585667,25.524000,1613.069702
556.000000,12.351334,24.979334,1615.727661
557.000000,12.784667,24.628666,1618.216919
558.000000,13.099667,24.457333,1621.532715
559.000000,12.835333,25.191668,1624.749634
560.000000,13.895000,25.065334,1626.952637
561.000000,13.488000,25.238667,1630.511719
562.000000,12.741667,25.492666,1633.312988
563.000000,12.801000,25.546000,1635.849243
564.000000,12.835333,24.481333,1638.558350
565.000000,11.927333,24.706667,1642.015991
566.000000,11.860333,25.078333,1644.455322
567.000000,12.041333,24.763666,1647.856079
568.000000,11.768000,24.598667,1650.861328
569.000000,11.238000,24.340334,1652.548340
570.000000,10.481333,24.398333,1655.744629
571.000000,10.392000,23.744333,1658.967041
572.000000,10.828000,22.816334,1661.742065
573.000000,11.473666,22.445665,1664.818359
574.000000,13.182667,22.318666,1668.058350
575.000000,12.680667,21.933001,1670.550659
576.000000,12.464666,22.948334,1673.623657
577.000000,13.174334,23.186333,1676.720703
578.000000,13.135333,23.084667,1679.589355
579.000000,13.132667,23.667000,1682.787964
580.000000,13.364333,25.124666,1685.399658
581.000000,12.958000,26.183666,1687.855347
582.000000,12.214667,25.901333,1691.224609
583.000000,12.074333,26.668667,1694.459717
584.000000,11.906000,27.185333,1696.671021
585.000000,11.634334,27.194334,1699.942993
586.000000,10.779667,27.577667,1702.785278
587.000000,10.184334,27.535667,1705.749268
588.000000,10.108666,27.122999,1708.493408
589.000000,9.977333,27.318335,1711.597290
590.000000,8.938334,27.270666,1713.608032
591.000000,7.355667,26.389999,1716.380981
592.000000,7.331333,24.889000,1718.927368
593.000000,7.807333,23.611334,1720.992065
594.000000,6.706666,23.727667,1724.028687
595.000000,7.467000,22.716333,1727.135986
596.000000,6.505333,20.997999,1729.695679
597.000000,4.964666,21.938334,1732.328369
598.000000,5.426667,23.267334,1735.135010
599.000000,4.996000,21.974001,1737.064697
600.000000,3.730333,21.427334,1739.385376
601.000000,3.399000,21.354334,1741.687012
602.000000,2.860000,21.833668,1744.065308
603.000000,3.239333,21.959667,1747.178955
604.000000,2.766667,22.708000,1749.986694
605.000000,3.330000,24.107000,1752.751709
606.000000,2.794667,23.690001,1755.949341
607.000000,1.021333,23.414333,1758.537720
608.000000,0.249000,23.721001,1760.257324
609.000000,0.061667,23.341333,1763.468994
610.000000,-0.389333,22.961666,1766.761963
611.000000,-1.278333,22.822001,1769.215698
612.000000,-1.513000,22.618000,1772.607056
613.000000,-0.881333,22.491333,1775.715942
614.000000,-0.889333,22.267668,1778.286011
615.000000,-0.870000,22.134333,1781.636719
616.000000,-0.413667,21.617666,1784.850708
617.000000,-0.526000,20.920000,1787.472290
618.000000,-1.028000,21.469000,1791.053345
619.000000,-1.144667,21.978666,1794.347290
620.000000,-1.070000,21.604334,1796.788940
621.000000,-1.296333,21.635668,1800.245728
622.000000,-1.715667,22.296667,1803.041626
623.000000,-1.952000,23.371666,1805.748657
624.000000,-1.958667,23.202667,1809.204712
625.000000,-2.315333,22.352667,1812.370728
626.000000,-2.030000,22.608000,1814.947388
627.000000,-1.925000,21.894667,1818.197998
628.000000,-2.418333,21.748333,1821.260010
629.000000,-3.178333,21.855000,1823.630737
630.000000,-2.951667,21.552334,1826.657959
631.000000,-2.935667,21.455000,1829.781982
632.000000,-2.073667,20.868999,1831.772949
633.000000,-2.147333,20.420000,1835.442383
634.000000,-1.568000,18.647333,1837.903687
635.000000,-1.357000,17.719334,1840.728638
636.000000,-0.558000,17.602001,1844.161377
637.000000,0.224667,17.584667,1847.177368
638.000000,1.109000,17.940334,1849.810303
639.000000,0.507667,18.047667,1853.112671
640.000000,1.657333,17.764334,1856.306030
641.000000,1.632333,17.776667,1859.486694
642.000000,2.088000,18.475332,1862.202637
643.000000,2.469000,19.565332,1864.463013
644.000000,2.069000,20.444334,1866.851318
645.000000,2.091333,20.344667,1870.383301
646.000000,1.568000,20.632334,1873.188965
647.000000,1.515333,21.637001,1875.831055
648.000000,1.473333,21.212000,1878.122314
649.000000,1.249333,21.557667,1880.958984
650.000000,2.286000,21.623333,1883.968018
651.000000,2.490667,21.308001,1886.122925
652.000000,2.073667,20.352667,1889.416260
653.000000,2.377000,20.162001,1891.890625
654.000000,2.819667,21.216000,1894.343018
655.000000,3.843333,20.082333,1897.411011
656.000000,4.686000,19.267334,1899.887939
657.000000,5.392666,19.471666,1903.437622
658.000000,6.678000,21.173666,1906.374634
659.000000,6.552000,21.285999,1908.880981
660.000000,6.026333,22.531000,1912.031006
661.000000,6.195667,23.306665,1914.892700
662.000000,6.807667,23.908667,1916.776367
663.000000,7.402333,23.851334,1919.803711
664.000000,7.203000,25.030334,1922.828003
665.000000,6.505000,25.332666,1925.576660
666.000000,5.844334,25.593000,1928.337280
667.000000,5.084667,27.231001,1931.336304
668.000000,5.452333,28.299667,1933.953613
669.000000,4.590000,28.391001,1936.884277
670.000000,4.036333,29.343334,1940.043335
671.000000,3.665667,30.708666,1942.128418
672.000000,3.948667,30.757000,1944.689331
673.000000,3.782667,31.401333,1948.288696
674.000000,4.297333,31.582333,1951.152344
675.000000,4.445333,30.569000,1953.870972
676.000000,3.341000,28.716000,1955.768066
677.000000,3.909333,28.776333,1958.352295
678.000000,5.127667,27.723000,1961.505737
679.000000,4.875333,26.743334,1964.589355
680.000000,4.564333,26.762333,1966.294678
681.000000,4.891667,26.396667,1969.417603
682.000000,3.942000,26.592001,1972.528320
683.000000,5.146667,25.443666,1975.417969
684.000000,4.199333,24.059334,1978.328003
685.000000,3.220333,23.594667,1981.208984
686.000000,3.463333,23.570000,1983.534668
687.000000,2.732000,22.070000,1986.407715
688.000000,1.784667,20.533333,1988.988281
689.000000,0.576000,19.586332,1990.747314
690.000000,-0.180667,19.155666,1994.000366
691.000000,-1.560000,18.509001,1997.164673
692.000000,-2.381000,18.718666,1999.337036
693.000000,-2.585000,18.980999,2002.903320
694.000000,-3.758667,17.920334,2005.739990
695.000000,-4.800667,17.627333,2008.266724
696.000000,-5.199334,17.988001,2011.873047
697.000000,-4.755333,17.538666,2014.767334
698.000000,-5.511667,17.730000,2017.542358
699.000000,-5.542000,18.354668,2020.986328
700.000000,-4.785333,18.003666,2023.616699
701.000000,-3.926000,18.551666,2025.025024
702.000000,-4.762667,19.065666,2028.339355
703.000000,-5.429000,19.348333,2031.225708
704.000000,-5.307333,20.225666,2034.244995
705.000000,-5.248000,19.630667,2037.705322
706.000000,-4.965000,20.081333,2040.744019
707.000000,-4.932667,20.598000,2043.741943
708.000000,-4.799333,20.735334,2046.978027
709.000000,-5.621667,21.650333,2050.082275
710.000000,-6.309667,22.378000,2052.535645
711.000000,-7.145667,22.393665,2055.968262
712.000000,-7.301667,21.903999,2059.165039
713.000000,-7.228000,21.878666,2061.589355
714.000000,-7.639000,21.344000,2064.949707
715.000000,-8.635333,20.805000,2068.011719
716.000000,-8.758000,20.554333,2071.102295
717.000000,-7.745667,20.410334,2074.278076
718.000000,-7.061666,19.967001,2077.089600
719.000000,-6.889667,19.550333,2080.348389
720.000000,-6.521000,20.070667,2082.951660
721.000000,-5.725333,19.143667,2086.374023
722.000000,-5.370667,18.286667,2088.250732
723.000000,-4.072667,17.993000,2091.186768
724.000000,-2.914000,18.281666,2094.516846
725.000000,-2.315000,18.478001,2097.106201
726.000000,-2.547000,18.370001,2100.550049
727.000000,-3.012333,18.606667,2103.563477
728.000000,-3.325000,19.666334,2106.449951
729.000000,-2.106000,18.421333,2109.029053
730.000000,-2.089333,18.108334,2111.353027
731.000000,-2.442000,18.036333,2113.982666
732.000000,-2.242000,16.914333,2117.181885
733.000000,-2.107333,15.405667,2119.921631
734.000000,-2.311667,14.965667,2122.858398
735.000000,-1.996333,14.546333,2126.300537
736.000000,-1.692000,13.535000,2129.419434
737.000000,-1.645000,12.512333,2131.583740
738.000000,-1.624667,12.035000,2135.000000
739.000000,-0.961000,11.394667,2137.869873
740.000000,-0.220000,10.794333,2140.126709
741.000000,-0.373000,11.016000,2143.248047
742.000000,0.667667,11.119333,2146.282471
743.000000,0.248667,10.403000,2148.710205
744.000000,0.403667,10.079667,2152.308350
745.000000,1.318000,10.960667,2155.158936
746.000000,1.252333,11.779000,2157.906982
747.000000,0.520000,11.439667,2160.837402
748.000000,-0.128667,12.559000,2164.330322
749.000000,0.841667,13.581333,2166.695557
750.000000,-0.073333,13.761666,2170.076416
751.000000,-0.755333,13.449000,2173.062988
752.000000,-1.215000,12.830999,2175.894531
753.000000,-0.650000,12.810333,2179.338135
754.000000,-0.540333,11.672667,2182.027100
755.000000,-1.425667,10.522333,2183.927246
756.000000,-1.505000,9.865000,2187.090088
757.000000,-1.252667,9.719666,2190.245361
758.000000,0.096000,8.673667,2192.729492
759.000000,0.235333,8.027666,2196.127686
760.000000,1.404333,7.672667,2199.312744
761.000000,1.243667,7.162333,2201.499023
762.000000,1.283000,7.512333,2204.422119
763.000000,2.626667,7.730667,2207.416260
764.000000,2.731333,7.413667,2210.253906
765.000000,2.404667,7.680000,2213.479736
766.000000,3.055333,8.604000,2216.340332
767.000000,2.956667,9.121000,2219.546631
768.000000,2.412667,8.831333,2222.630371
769.000000,1.909000,9.017333,2225.847412
770.000000,1.926000,9.608000,2228.365479
771.000000,2.113000,8.987667,2231.641357
772.000000,1.408000,7.729333,2234.664307
773.000000,1.485000,7.934667,2236.899170
774.000000,1.780333,7.044333,2239.878418
775.000000,0.827000,6.094000,2242.884521
776.000000,0.007667,5.557333,2245.346436
777.000000,0.101000,4.984333,2248.434082
778.000000,-0.304333,4.248667,2251.510010
779.000000,-0.150000,3.683333,2254.427246
780.000000,0.681667,2.584000,2256.895996
781.000000,1.560333,2.005333,2260.329346
782.000000,1.743333,1.217667,2262.587891
783.000000,1.377667,2.207000,2265.737061
784.000000,1.731333,2.320333,2269.134766
785.000000,2.129000,1.310000,2271.249023
786.000000,1.417000,2.223667,2274.372803
787.000000,1.002667,3.220667,2277.645020
788.000000,0.759000,3.822667,2280.280029
789.000000,-0.167000,4.227000,2283.846436
790.000000,-0.520333,4.357666,2286.288086
791.000000,-0.097333,4.743667,2288.711670
792.000000,0.503000,3.616333,2291.488770
793.000000,0.227333,1.773667,2294.599365
794.000000,-0.653333,2.138000,2296.546387
795.000000,-0.562667,2.053333,2300.141602
796.000000,-0.195667,1.293333,2303.310059
797.000000,-0.364000,0.207667,2305.438965
798.000000,0.105000,-0.474000,2308.824219
799.000000,0.844667,-1.406333,2311.613770
800.000000,1.326333,-1.891667,2313.326660
801.000000,1.403667,-1.458000,2316.531982
802.000000,1.731667,-1.147333,2319.800293
803.000000,2.885667,-0.873333,2322.503662
804.000000,2.519000,-1.611333,2325.934570
805.000000,3.151000,-1.069333,2328.583740
806.000000,3.921667,-0.405000,2331.005371
807.000000,4.326667,-0.675000,2334.190918
808.000000,3.453667,-0.534333,2337.513916
809.000000,3.482333,0.118667,2339.999023
810.000000,3.877333,-0.079333,2343.432373
811.000000,3.169333,-0.294000,2346.677734
812.000000,2.952333,0.303000,2348.497559
813.000000,3.469333,0.213000,2351.950928
814.000000,3.029667,-0.032000,2354.651123
815.000000,2.498333,0.175667,2357.873047
816.000000,2.550333,-0.318667,2360.713379
817.000000,1.984000,-0.711333,2363.928223
818.000000,1.564667,-0.902333,2366.595215
819.000000,1.778000,-0.723000,2369.959717
820.000000,2.532333,-0.597000,2373.488037
821.000000,2.629333,-0.908667,2376.125000
822.000000,3.222667,-0.169000,2379.253418
823.000000,4.837667,-0.239667,2382.311523
824.000000,5.597000,-1.425000,2384.788086
825.000000,5.913333,-0.276333,2388.148682
826.000000,6.656000,1.337000,2390.342773
827.000000,7.094334,1.465667,2393.298584
828.000000,6.201334,0.745667,2396.002441
829.000000,5.297333,1.459333,2399.402344
830.000000,6.461667,3.066333,2400.989746
831.000000,6.277333,2.984333,2404.002930
832.000000,6.381333,2.600333,2407.142578
833.000000,6.052333,2.741000,2409.913086
834.000000,5.494000,2.479000,2413.208984
835.000000,5.034000,3.163333,2415.590088
836.000000,5.066333,2.501000,2418.364746
837.000000,5.333667,2.103667,2421.612793
838.000000,4.720667,2.006667,2424.938721
839.000000,4.764000,1.534667,2427.611816
840.000000,5.341000,1.194667,2430.899658
841.000000,4.047667,0.799000,2433.890625
842.000000,4.411000,2.161667,2436.984619
843.000000,5.113334,1.871667,2440.144775
844.000000,5.967000,2.033333,2442.092773
845.000000,6.860333,3.326000,2444.531006
846.000000,6.883667,3.450667,2447.802734
847.000000,6.163333,3.975667,2450.830322
848.000000,5.826334,4.608667,2453.144287
849.000000,5.154334,4.864333,2456.358643
850.000000,4.749667,5.674666,2459.627930
851.000000,5.398334,5.963666,2462.344482
852.000000,5.282667,6.925000,2465.213623
853.000000,3.618000,7.719000,2467.817627
854.000000,2.725000,8.690333,2470.353760
855.000000,3.185333,8.513667,2473.539795
856.000000,2.598667,7.376000,2476.750732
857.000000,2.406000,7.005333,2479.473389
858.000000,2.717000,7.585000,2482.591797
859.000000,3.207000,7.256667,2485.904053
860.000000,2.111000,6.828333,2488.056885
861.000000,2.496333,7.675000,2491.225098
862.000000,3.646000,7.072333,2494.276611
863.000000,3.914000,6.620667,2497.130859
864.000000,3.692333,7.496000,2500.267822
865.000000,4.077667,8.425000,2503.297119
866.000000,4.515333,8.858334,2505.385742
867.000000,4.433333,9.278000,2508.337402
868.000000,4.566333,10.521667,2511.404053
869.000000,4.654000,10.946334,2514.120361
870.000000,4.171667,11.196667,2517.292969
871.000000,4.110333,11.784000,2520.431641
872.000000,3.817667,12.300000,2523.506348
873.000000,3.482333,12.202666,2526.774658
874.000000,2.435000,11.677000,2530.107666
875.000000,2.139000,11.267667,2531.818848
876.000000,1.725333,10.861334,2534.992920
877.000000,1.941667,10.252000,2537.531006
878.000000,1.551667,9.886666,2539.368896
879.000000,1.527667,9.606334,2542.863281
880.000000,2.026333,8.852333,2545.694092
881.000000,1.369000,7.801667,2548.581055
882.000000,1.205000,7.964000,2551.855225
883.000000,1.561000,7.745667,2554.303223
884.000000,1.487667,7.487667,2557.668213
885.000000,1.961333,8.062333,2560.456787
886.000000,3.070333,7.666333,2563.430664
887.000000,2.600333,8.715333,2566.470703
888.000000,2.418000,8.685333,2569.040039
889.000000,2.436667,8.786000,2572.733398
890.000000,2.658333,8.900333,2575.194092
891.000000,1.673000,8.630667,2578.611816
892.000000,0.495000,8.948667,2581.555420
893.000000,-0.288000,9.252000,2583.843262
894.000000,0.050667,9.125334,2586.416016
895.000000,-0.418667,9.268333,2589.567383
896.000000,-0.845000,9.180667,2592.223389
897.000000,-1.067000,9.665667,2595.513428
898.000000,-0.584333,9.362000,2598.754395
899.000000,-0.299667,9.713667,2601.542725
900.000000,-0.652333,10.268666,2604.904053
901.000000,-1.630333,9.084667,2607.902832
902.000000,-1.722333,8.944000,2609.988770
903.000000,-1.056333,9.268000,2612.982910
904.000000,-0.472333,8.779000,2615.929688
905.000000,0.045333,8.754666,2618.508545
906.000000,0.088000,9.363667,2621.834717
907.000000,0.193667,10.057000,2624.562744
908.000000,0.206667,10.885000,2627.592773
909.000000,-0.451000,12.102000,2630.663330
910.000000,-1.154333,12.380000,2633.262451
911.000000,-1.129333,12.458333,2635.628418
912.000000,-1.382333,12.050667,2638.272949
913.000000,-2.022000,12.902333,2641.686279
914.000000,-2.306667,13.206667,2644.780762
915.000000,-2.812000,12.716333,2647.751953
916.000000,-3.693667,12.783667,2650.895264
917.000000,-4.672667,13.358000,2653.244629
918.000000,-4.573667,12.277333,2655.709961
919.000000,-4.430333,11.836000,2658.861084
920.000000,-4.784333,12.001667,2661.725586
921.000000,-3.883000,12.405000,2664.965332
922.000000,-2.986667,11.689000,2668.288574
923.000000,-3.815333,10.592334,2670.740234
924.000000,-4.255667,11.736667,2672.988770
925.000000,-3.379000,12.225667,2676.135498
926.000000,-2.911667,12.526000,2678.090088
927.000000,-2.639667,13.680333,2680.703613
928.000000,-1.513000,15.179667,2683.050049
929.000000,0.558667,14.283000,2685.052979
930.000000,-0.488667,14.890000,2688.533691
931.000000,-0.712667,14.576667,2691.649658
932.000000,-0.787667,15.445666,2694.937256
933.000000,-0.836333,16.013000,2697.727051
934.000000,-1.468000,15.605667,2701.269043
935.000000,-1.735667,16.965000,2703.578125
936.000000,-0.663333,17.615667,2707.021729
937.000000,-0.247333,17.941668,2710.344482
938.000000,0.124333,17.685667,2712.943359
939.000000,-0.187667,18.621334,2716.459229
940.000000,-1.155000,18.860334,2719.336670
941.000000,-1.049333,19.278000,2722.055176
942.000000,-1.229333,18.685667,2724.739502
943.000000,-1.582333,17.614334,2728.090576
944.000000,-1.441667,17.404333,2731.071289
945.000000,-0.552667,18.087666,2734.442383
946.000000,-0.683333,18.149000,2737.691895
947.000000,-1.167667,18.799667,2740.509033
948.000000,-0.765667,18.742332,2744.111572
949.000000,0.108667,18.000999,2746.978760
950.000000,1.144333,17.951668,2750.050293
951.000000,0.953333,17.635334,2753.551270
952.000000,1.983000,18.348667,2756.875977
953.000000,2.318333,17.291334,2759.143066
954.000000,1.838000,17.411335,2762.460205
955.000000,1.612333,17.492001,2765.770264
956.000000,1.986333,18.764334,2768.070557
957.000000,2.926000,18.945000,2771.297852
958.000000,3.143000,18.097668,2774.562988
959.000000,2.449000,17.903667,2776.600586
960.000000,2.728667,17.103001,2779.687256
961.000000,2.764667,15.862000,2782.687012
962.000000,2.409667,13.866000,2784.353760
963.000000,2.846667,12.888333,2787.768066
964.000000,3.569667,12.012667,2790.493652
965.000000,3.206667,10.915667,2791.942627
966.000000,3.817333,11.093667,2795.540039
967.000000,4.396333,9.615000,2798.416016
968.000000,5.389333,9.181000,2801.166016
969.000000,5.184667,9.397333,2804.116943
970.000000,5.228000,9.128334,2806.899658
971.000000,5.018333,9.386667,2810.052979
972.000000,5.206000,9.270000,2812.736816
973.000000,5.360000,9.943000,2815.820068
974.000000,5.009667,10.435333,2818.044922
975.000000,4.758667,9.961667,2821.277100
976.000000,3.860000,10.480333,2824.331299
977.000000,4.336000,11.411333,2826.817383
978.000000,4.135667,10.792334,2829.999268
979.000000,3.573667,10.737333,2833.396973
980.000000,3.871333,10.276333,2836.009521
981.000000,4.510667,9.318334,2839.168701
982.000000,4.863334,9.439000,2842.245361
983.000000,4.538333,9.493667,2844.799316
984.000000,4.576667,8.552000,2847.879395
985.000000,4.533333,7.447000,2850.959961
986.000000,5.213333,7.492667,2853.123047
987.000000,6.407333,7.013333,2856.645508
988.000000,5.864000,6.523333,2859.154053
989.000000,6.742000,6.051000,2861.913330
990.000000,7.214667,5.785334,2864.996094
991.000000,8.297334,4.738667,2867.981201
992.000000,8.666333,4.041667,2870.670410
993.000000,8.336666,4.556334,2873.589600
994.000000,9.272000,4.815000,2876.646729
995.000000,9.645333,5.257667,2879.294922
996.000000,9.600333,5.228667,2882.612061
997.000000,9.157000,6.317000,2885.438965
998.000000,8.641666,7.130333,2888.352051
999.000000,8.375334,7.073000,2891.698730
1000.000000,7.813000,7.160000,2895.044434
1001.000000,8.235333,7.530333,2897.579346
1002.000000,8.085333,7.016666,2900.872314
1003.000000,7.589334,6.504000,2903.560059
1004.000000,6.951000,6.612000,2905.943604
1005.000000,6.965667,6.573334,2909.310791
1006.000000,6.761000,5.249667,2912.510010
1007.000000,7.945667,4.229333,2914.758545
1008.000000,7.600333,4.076667,2918.096680
1009.000000,8.460667,3.609000,2921.147705
1010.000000,8.478000,2.760000,2923.032227
1011.000000,7.529666,2.824000,2926.335205
1012.000000,7.995000,2.952000,2929.377930
1013.000000,9.340334,2.865000,2931.494141
1014.000000,10.323334,2.524667,2934.822021
1015.000000,11.220000,2.644000,2937.764404
1016.000000,11.464667,2.426333,2940.581543
1017.000000,11.055000,1.648667,2943.900391
1018.000000,10.582000,2.141333,2947.329346
1019.000000,11.351666,2.733000,2949.658936
1020.000000,11.642334,1.730000,2952.948242
1021.000000,12.327333,1.695667,2956.424561
1022.000000,11.193666,1.364000,2958.909424
1023.000000,10.682667,0.490667,2962.156250
1024.000000,11.593333,-0.372000,2965.357422
1025.000000,11.793333,0.465667,2968.527344
1026.000000,8.050000,1.667500,2969.738525
1027.000000,12.881333,-0.488000,2971.959961
1028.000000,8.506500,2.167000,2973.056641
1029.000000,7.222000,2.264500,2975.827393
1030.000000,6.466500,3.210500,2979.270996
1031.000000,6.475500,3.488000,2981.904053
1032.000000,9.916500,0.313000,2983.837402
1033.000000,7.225000,3.923500,2985.050537
1034.000000,9.870000,0.961000,2986.199463
1035.000000,9.271500,2.338500,2987.607910
1036.000000,8.809999,1.641500,2988.858887
1037.000000,9.306999,1.764500,2991.373535
1038.000000,10.117000,-0.105500,2991.720459
1039.000000,10.559000,-0.388000,2994.122559
1040.000000,11.106500,-0.425000,2994.172852
1041.000000,10.140500,-0.949500,2997.633545
1042.000000,11.503500,-1.101500,2997.808594
1043.000000,11.090000,-2.858500,3000.632812
1044.000000,11.038500,-0.670500,3001.303467
1045.000000,11.243000,-2.565000,3003.831055
1046.000000,10.671000,-1.544000,3004.023438
1047.000000,10.635000,-1.968000,3007.052490
1048.000000,10.333000,-1.327000,3007.250000
1049.000000,10.145000,-4.764000,3009.061035
1050.000000,9.829500,-2.166000,3010.589111
1051.000000,10.402000,-5.691500,3010.987061
1052.000000,9.073500,-2.203500,3013.607910
1053.000000,11.322500,-5.262000,3014.508301
1054.000000,10.781500,-4.104000,3015.043945
